sample_id,sample_type,roi_size_fullres,tile_id,roi_label,tile_x_halfres,tile_y_halfres,tile_width_halfres,tile_height_halfres,tile_valid_fraction,signal,channel,fit_valid,n_valid_angles,a0,a2c,a2s,a4c,a4s,A2,A4,phase2_raw_deg,phase4_raw_deg,axis2_deg,axis4_deg,rmse,nrmse
R0S39_Pg2TTT_CB_15mgml_7e-2mms_45C_100um_5ul,pg2tt,550,0,ROI_C,363,139,64,64,1.0,Afilm_PPL,G,True,34,0.5040268802571498,-0.09210967241334932,0.07760447593491886,1.1996110673123672e-05,-0.004704395781166312,0.12044354045455458,0.0047044110760568825,139.88510661827118,-89.85389727940333,69.94255330913559,67.53652568014917,0.00177386336264029,0.003519382461768234
R0S39_Pg2TTT_CB_15mgml_7e-2mms_45C_100um_5ul,pg2tt,550,0,ROI_C,363,139,64,64,1.0,Afilm_PPL,R,True,34,0.49793747196415933,-0.09176110188537281,0.07687939505251856,-0.0001974442561894149,-0.004272783626996589,0.11971023850472852,0.0042773431189737764,140.04301170484294,-92.64574143779444,70.02150585242147,66.8385646405514,0.001967276288626823,0.003950850055254474
R0S39_Pg2TTT_CB_15mgml_7e-2mms_45C_100um_5ul,pg2tt,550,0,ROI_C,363,139,64,64,1.0,Afilm_PPL,B,True,34,0.471293790833033,-0.07263832546388517,0.0617291633623748,7.681689454600016e-06,-0.00217591472726349,0.09532479182047063,0.0021759282866572202,139.6416063093615,-89.79772803074145,69.82080315468075,67.55056799231464,0.001548894547931052,0.003286473486506208
R0S39_Pg2TTT_CB_15mgml_7e-2mms_45C_100um_5ul,pg2tt,550,0,ROI_C,363,139,64,64,1.0,Xfilm,G,True,34,0.00023814751518227655,-1.9426081719988022e-05,0.00021734966751863952,-0.00015824199382006128,-2.8133552017828227e-05,0.00021821606407745235,0.00016072344370778074,95.10735948837387,-169.9188256956694,47.55367974418694,47.52029357608265,5.801583342490321e-06,0.024361301077143408
R0S39_Pg2TTT_CB_15mgml_7e-2mms_45C_100um_5ul,pg2tt,550,0,ROI_C,363,139,64,64,1.0,Xfilm,R,True,34,0.00015881899097141639,-1.4216122200329798e-05,0.00014484293948882062,-0.00010899852459893308,-1.8985792706438595e-05,0.0001455389131819283,0.00011063967954326367,95.60554313064551,-170.11912806662627,47.80277156532276,47.47021798334343,4.257949714680329e-06,0.0268100789573495
R0S39_Pg2TTT_CB_15mgml_7e-2mms_45C_100um_5ul,pg2tt,550,0,ROI_C,363,139,64,64,1.0,Xfilm,B,True,34,0.00017373489855354625,-1.1110196187422895e-05,0.00014365598386729058,-0.00010747731276067282,-1.912807368411389e-05,0.00014408496854357252,0.00010916618506259333,94.42238952656712,-169.90855246901148,47.21119476328356,47.52286188274713,3.6534084425904615e-06,0.02102863875927506
R0S39_Pg2TTT_CB_15mgml_7e-2mms_45C_100um_5ul,pg2tt,550,0,ROI_C,363,139,64,64,1.0,Xnorm_sample,G,True,34,0.019523612397779166,-0.004569746407285923,0.020163744723312945,-0.013376692113937105,-0.004601290405607586,0.02067508605771287,0.014145945189622486,102.76934420587902,-161.01790009600288,51.38467210293951,49.74552497599928,0.001498700244475766,0.07676347050249172
R0S39_Pg2TTT_CB_15mgml_7e-2mms_45C_100um_5ul,pg2tt,550,0,ROI_C,363,139,64,64,1.0,Xnorm_sample,R,True,34,0.01982647576883557,-0.00474144588159614,0.020400081762651102,-0.013963819572965434,-0.004694033173912703,0.020943845037885357,0.014731673513356367,103.08454101004418,-161.4195782620569,51.54227050502209,49.64510543448578,0.0015621007603989273,0.07878862479309315
R0S39_Pg2TTT_CB_15mgml_7e-2mms_45C_100um_5ul,pg2tt,550,0,ROI_C,363,139,64,64,1.0,Xnorm_sample,B,True,34,0.01588506078324595,-0.0029209142805022154,0.014625595275941851,-0.010127030205220298,-0.0030983153807622363,0.01491441508774965,0.010590387102278751,101.29409293743453,-162.9887649775875,50.647046468717264,49.25280875560313,0.0008939419703438665,0.05627564052071087
R0S39_Pg2TTT_CB_15mgml_7e-2mms_45C_100um_5ul,pg2tt,550,0,ROI_C,363,139,64,64,1.0,Xnorm_blank,G,True,34,0.005656216591105846,-0.00042409677259291857,0.004876815763247777,-0.0037391593519229935,-0.0007624756387775044,0.004895221145278906,0.0038161081953742276,94.97004199464345,-168.47447229019252,47.485020997321726,47.88138192745187,0.00011117841227633006,0.019655967989538677
R0S39_Pg2TTT_CB_15mgml_7e-2mms_45C_100um_5ul,pg2tt,550,0,ROI_C,363,139,64,64,1.0,Xnorm_blank,R,True,34,0.0058270997744552305,-0.00048554810777647625,0.0049945226251226806,-0.0039759325673957855,-0.0008025617219111747,0.00501806867408445,0.004056124393797048,95.55262463996569,-168.58791026838009,47.77631231998284,47.85302243290498,0.00012583159353753422,0.021594206103619337
R0S39_Pg2TTT_CB_15mgml_7e-2mms_45C_100um_5ul,pg2tt,550,0,ROI_C,363,139,64,64,1.0,Xnorm_blank,B,True,34,0.0051032032904522176,-0.000279415998139871,0.003952982117468299,-0.00313720149774419,-0.0006459579936261033,0.003962845053877411,0.003203013419731152,94.04321947567429,-168.36525225746587,47.021609737837146,47.90868693563353,8.886370560594731e-05,0.017413318758982728
R0S39_Pg2TTT_CB_15mgml_7e-2mms_45C_100um_5ul,pg2tt,550,1,ROI_C,395,139,64,64,1.0,Afilm_PPL,G,True,34,0.5039084775362028,-0.09499316814492689,0.07513312352166637,6.901134872956682e-05,-0.0051633027328645345,0.12111436019040983,0.005163763906053398,141.65840459512864,-89.2342452504535,70.82920229756432,67.69143868738662,0.0017178854205328006,0.003409121888420644
R0S39_Pg2TTT_CB_15mgml_7e-2mms_45C_100um_5ul,pg2tt,550,1,ROI_C,395,139,64,64,1.0,Afilm_PPL,R,True,34,0.4977811733005389,-0.09441446075246349,0.07458056791024426,0.00011766522609436836,-0.004697989048505394,0.12031771070375726,0.004699462331512878,141.6938263364361,-88.56527726493661,70.84691316821805,67.85868068376584,0.0018792419872561616,0.0037752371685575597
R0S39_Pg2TTT_CB_15mgml_7e-2mms_45C_100um_5ul,pg2tt,550,1,ROI_C,395,139,64,64,1.0,Afilm_PPL,B,True,34,0.4710007161472368,-0.07524896840877168,0.05964566659696546,0.00010718212678358097,-0.0027516685839880373,0.09602089767535336,0.0027537552549942745,141.5980971352433,-87.76936054572043,70.79904856762165,68.0576598635699,0.0015623458274633874,0.0033170773926629754
R0S39_Pg2TTT_CB_15mgml_7e-2mms_45C_100um_5ul,pg2tt,550,1,ROI_C,395,139,64,64,1.0,Xfilm,G,True,34,0.0002391931780162137,-2.2708055685936033e-05,0.00021596705451491774,-0.00015277735854542126,-3.37137256871036e-05,0.00021715760274253586,0.00015645298521863198,96.00236252874532,-167.55584693899917,48.00118126437266,48.11103826525021,5.715989661465763e-06,0.023896959290291068
R0S39_Pg2TTT_CB_15mgml_7e-2mms_45C_100um_5ul,pg2tt,550,1,ROI_C,395,139,64,64,1.0,Xfilm,R,True,34,0.0001591568376878148,-1.6288053663927174e-05,0.00014374722807737603,-0.00010509051607803649,-2.3045056066127456e-05,0.00014466708772933854,0.00010758759769898668,96.46463389092615,-167.6315157483395,48.232316945463076,48.092121062915126,4.189930666552093e-06,0.026325797251920902
R0S39_Pg2TTT_CB_15mgml_7e-2mms_45C_100um_5ul,pg2tt,550,1,ROI_C,395,139,64,64,1.0,Xfilm,B,True,34,0.00017496007093926696,-1.3025649343821597e-05,0.00014261690623010225,-0.00010389846146595082,-2.2705406542872016e-05,0.000143210507587516,0.00010635048557138216,95.21852485198376,-167.67269231456106,47.60926242599188,48.081826921359735,3.731913950528522e-06,0.021330089255015644
R0S39_Pg2TTT_CB_15mgml_7e-2mms_45C_100um_5ul,pg2tt,550,1,ROI_C,395,139,64,64,1.0,Xnorm_sample,G,True,34,0.01960114790891861,-0.005054698442894108,0.020093995096368847,-0.01290728396547505,-0.0051105753372884845,0.020720005195016034,0.013882217389290179,104.11994211564848,-158.39915538623958,52.05997105782424,50.400211153440104,0.0015275715704481632,0.0779327607479141
R0S39_Pg2TTT_CB_15mgml_7e-2mms_45C_100um_5ul,pg2tt,550,1,ROI_C,395,139,64,64,1.0,Xnorm_sample,R,True,34,0.019891608957554405,-0.005214956691601116,0.020359856472304826,-0.013474100772207672,-0.005247205343679803,0.021017124657481765,0.014459756413520571,104.36681959130934,-158.7226195229826,52.18340979565467,50.31934511925435,0.0015883181469174518,0.07984865126932802
R0S39_Pg2TTT_CB_15mgml_7e-2mms_45C_100um_5ul,pg2tt,550,1,ROI_C,395,139,64,64,1.0,Xnorm_sample,B,True,34,0.015961626760595097,-0.0032760235885505203,0.0145634492705142,-0.009786708069532777,-0.003467159204699551,0.014927370337992556,0.010382718708940872,102.677565625317,-160.49217582310337,51.3387828126585,49.87695604422416,0.0009304367168342054,0.05829209833880515
R0S39_Pg2TTT_CB_15mgml_7e-2mms_45C_100um_5ul,pg2tt,550,1,ROI_C,395,139,64,64,1.0,Xnorm_blank,G,True,34,0.005678943884133994,-0.0005255293265218116,0.004889921314512654,-0.0036276646266501086,-0.0008871580980681057,0.004918080065956595,0.003734568266134158,96.13414394117468,-166.25783548025726,48.06707197058734,48.435541129935686,0.0001165891167710306,0.02053007022595006
R0S39_Pg2TTT_CB_15mgml_7e-2mms_45C_100um_5ul,pg2tt,550,1,ROI_C,395,139,64,64,1.0,Xnorm_blank,R,True,34,0.005846648629976597,-0.0005862149271004453,0.005018410987280609,-0.003858538228111978,-0.0009442509838571807,0.005052533698849926,0.003972395647253276,96.6626885424491,-166.2489816551134,48.33134427122455,48.43775458622165,0.00013097371973860042,0.02240150349461366
R0S39_Pg2TTT_CB_15mgml_7e-2mms_45C_100um_5ul,pg2tt,550,1,ROI_C,395,139,64,64,1.0,Xnorm_blank,B,True,34,0.005131730725688109,-0.0003603450563572216,0.003960152089007892,-0.0030474990594090952,-0.0007436985602249995,0.003976512684213979,0.003136931313494138,95.1991818529133,-166.28583273990748,47.59959092645665,48.42854181502313,9.404161206357517e-05,0.01832551571237006
R0S39_Pg2TTT_CB_15mgml_7e-2mms_45C_100um_5ul,pg2tt,550,2,ROI_C,427,139,64,64,1.0,Afilm_PPL,G,True,34,0.5033092522319342,-0.09504301260883873,0.0750339263768047,0.00017899369884526173,-0.0051111879165579785,0.12109196651010184,0.005114321134089508,141.70984830029872,-87.99432259705715,70.85492415014936,68.00141935073572,0.0018422835884597105,0.003660341192390979
R0S39_Pg2TTT_CB_15mgml_7e-2mms_45C_100um_5ul,pg2tt,550,2,ROI_C,427,139,64,64,1.0,Afilm_PPL,R,True,34,0.4973081572175696,-0.09466990392381544,0.07470672837697721,0.00019354246871428754,-0.004715927298686549,0.12059637628774712,0.004719897135922883,141.7220192705791,-87.64989017344749,70.86100963528955,68.08752745663813,0.001957156018255067,0.003935499528504389
R0S39_Pg2TTT_CB_15mgml_7e-2mms_45C_100um_5ul,pg2tt,550,2,ROI_C,427,139,64,64,1.0,Afilm_PPL,B,True,34,0.4705116282900332,-0.07532989012841117,0.059581311682404284,-3.180597999993817e-05,-0.0027624056501563375,0.09604439103120131,0.0027625887490503203,141.65817004497757,-90.65966701685586,70.82908502248878,67.33508324578604,0.0016895081243052887,0.003590789308314926
R0S39_Pg2TTT_CB_15mgml_7e-2mms_45C_100um_5ul,pg2tt,550,2,ROI_C,427,139,64,64,1.0,Xfilm,G,True,34,0.00024064402684246012,-2.1284379262809006e-05,0.00021332379822881252,-0.00015064527879961055,-3.1474866799641975e-05,0.00021438299300870442,0.00015389823671721386,95.6978282225933,-168.198750597915,47.84891411129665,47.95031235052125,5.946865765734998e-06,0.02471229317034275
R0S39_Pg2TTT_CB_15mgml_7e-2mms_45C_100um_5ul,pg2tt,550,2,ROI_C,427,139,64,64,1.0,Xfilm,R,True,34,0.00016040155192074377,-1.532596789511233e-05,0.00014252377728486292,-0.00010415236946196942,-2.206692046126957e-05,0.00014334543028456548,0.0001064643839186917,96.13758602202634,-168.0375587472324,48.06879301101317,47.9906103131919,4.245018092901208e-06,0.02646494385873384
R0S39_Pg2TTT_CB_15mgml_7e-2mms_45C_100um_5ul,pg2tt,550,2,ROI_C,427,139,64,64,1.0,Xfilm,B,True,34,0.0001759902439053562,-1.2036452643927417e-05,0.00014025052443234035,-0.00010202758758905143,-2.0581615827007015e-05,0.00014076606762922664,0.00010408281096940103,94.90516710647609,-168.59501091305188,47.45258355323804,47.85124727173703,3.834947013591189e-06,0.02179067945302049
R0S39_Pg2TTT_CB_15mgml_7e-2mms_45C_100um_5ul,pg2tt,550,2,ROI_C,427,139,64,64,1.0,Xnorm_sample,G,True,34,0.019722100510688238,-0.00499928773753004,0.019961646032976035,-0.01278346464657255,-0.0048854087031862566,0.020578148367344572,0.013685181276378413,104.06021967019485,-159.08483129693965,52.03010983509743,50.228792175765086,0.0015285473744138384,0.07750428883109839
R0S39_Pg2TTT_CB_15mgml_7e-2mms_45C_100um_5ul,pg2tt,550,2,ROI_C,427,139,64,64,1.0,Xnorm_sample,R,True,34,0.020083948696533318,-0.005177889933905127,0.020360049274355148,-0.013445942402234963,-0.005094315253711748,0.021008144863880904,0.01437864440719014,104.26875790014631,-159.24961478128878,52.134378950073156,50.187596304677804,0.0016068154751392534,0.08000495815529544
R0S39_Pg2TTT_CB_15mgml_7e-2mms_45C_100um_5ul,pg2tt,550,2,ROI_C,427,139,64,64,1.0,Xnorm_sample,B,True,34,0.016057716030637714,-0.00323933577431648,0.014411838559407489,-0.009660165867706256,-0.0032428361556096556,0.014771404365231867,0.010189935766418069,102.66778996262025,-161.44353250837932,51.333894981310124,49.63911687290517,0.0009355536227941355,0.05826193594100562
R0S39_Pg2TTT_CB_15mgml_7e-2mms_45C_100um_5ul,pg2tt,550,2,ROI_C,427,139,64,64,1.0,Xnorm_blank,G,True,34,0.005732422377763521,-0.0005007948536138477,0.004860233259653486,-0.0035951718450680918,-0.0008233506909961771,0.004885965904879819,0.003688247138673626,95.88295357198378,-167.10081135667002,47.94147678599189,48.224797160832495,0.00012290752430396616,0.021440765558255533
R0S39_Pg2TTT_CB_15mgml_7e-2mms_45C_100um_5ul,pg2tt,550,2,ROI_C,427,139,64,64,1.0,Xnorm_blank,R,True,34,0.005917453532948068,-0.0005601096410555021,0.005016844867939455,-0.0038497042931039983,-0.0008957422797904273,0.005048014980066301,0.003952540622959808,96.3704515816442,-166.90158089623066,48.1852257908221,48.274604775942336,0.00013469659716307464,0.022762594820614733
R0S39_Pg2TTT_CB_15mgml_7e-2mms_45C_100um_5ul,pg2tt,550,2,ROI_C,427,139,64,64,1.0,Xnorm_blank,B,True,34,0.005175120241219821,-0.0003420153529146517,0.003917428392279361,-0.00300787621093849,-0.0006715283946045272,0.0039323300612061785,0.0030819262945582944,94.98961856211344,-167.41472492075022,47.49480928105672,48.146318769812446,9.803537809247065e-05,0.01894359425558376
R0S39_Pg2TTT_CB_15mgml_7e-2mms_45C_100um_5ul,pg2tt,550,3,ROI_C,459,139,64,64,1.0,Afilm_PPL,G,True,34,0.5012438522659229,-0.09514803471724811,0.07580036572780127,-0.00013308616765624753,-0.0044907687143904,0.12165049919759098,0.004492740319022349,141.4571683375115,-91.69749213260225,70.72858416875575,67.07562696684944,0.0018981664180778809,0.0037869121177112556
R0S39_Pg2TTT_CB_15mgml_7e-2mms_45C_100um_5ul,pg2tt,550,3,ROI_C,459,139,64,64,1.0,Afilm_PPL,R,True,34,0.4959658920345266,-0.09492558041529735,0.07572001574788186,-0.00011231036630101471,-0.0041944104697459045,0.12142646582207915,0.004195913822648498,141.42141769849883,-91.53379666207479,70.71070884924941,67.1165508344813,0.0021277018426758146,0.004290016464526163
R0S39_Pg2TTT_CB_15mgml_7e-2mms_45C_100um_5ul,pg2tt,550,3,ROI_C,459,139,64,64,1.0,Afilm_PPL,B,True,34,0.46822177304195406,-0.07531527261526796,0.060334793428200195,-0.0003962336084069318,-0.002192952856549458,0.09650221545195593,0.002228462093794643,141.30190805454694,-100.24198308483575,70.65095402727347,64.93950422879107,0.0016668388176156314,0.003559934444703232
R0S39_Pg2TTT_CB_15mgml_7e-2mms_45C_100um_5ul,pg2tt,550,3,ROI_C,459,139,64,64,1.0,Xfilm,G,True,34,0.00024638549435434447,-1.9891338416779995e-05,0.00021329252822062543,-0.00015153379310766036,-2.747575179038017e-05,0.0002142180383132036,0.0001540045693803979,95.32790749291016,-169.72291643449094,47.66395374645508,47.569270891377265,5.940021392438625e-06,0.024108648863017928
R0S39_Pg2TTT_CB_15mgml_7e-2mms_45C_100um_5ul,pg2tt,550,3,ROI_C,459,139,64,64,1.0,Xfilm,R,True,34,0.00016428373657681843,-1.4291686321892699e-05,0.00014220238285105833,-0.00010481187955373644,-1.944611159097292e-05,0.0001429187530957444,0.00010660056918982903,95.73909433088268,-169.48923065104592,47.86954716544134,47.62769233723852,4.172602265147364e-06,0.02539875417185631
R0S39_Pg2TTT_CB_15mgml_7e-2mms_45C_100um_5ul,pg2tt,550,3,ROI_C,459,139,64,64,1.0,Xfilm,B,True,34,0.00017994488319880472,-1.1394113285484054e-05,0.0001400498111174375,-0.00010283541782065302,-1.7572850224487067e-05,0.000140512545388632,0.00010432606684506292,94.65120165494757,-170.30277692509438,47.325600827473785,47.424305768726406,3.8068006431864968e-06,0.021155370213140984
R0S39_Pg2TTT_CB_15mgml_7e-2mms_45C_100um_5ul,pg2tt,550,3,ROI_C,459,139,64,64,1.0,Xnorm_sample,G,True,34,0.02020888744993698,-0.005000466166114759,0.02005659799086994,-0.012902437948336527,-0.0045575101847073855,0.02067055356892569,0.01368370578806728,103.99944769439037,-160.54532214096074,51.999723847195185,49.863669464759816,0.0015286963697756638,0.07564475647098458
R0S39_Pg2TTT_CB_15mgml_7e-2mms_45C_100um_5ul,pg2tt,550,3,ROI_C,459,139,64,64,1.0,Xnorm_sample,R,True,34,0.020633400804400633,-0.005185060794788832,0.020490651861876805,-0.013610165157138879,-0.004776910563525663,0.021136500873377588,0.014424128054635407,104.20033839176848,-160.659891464634,52.10016919588424,49.8350271338415,0.001619488795487234,0.07848869950044034
R0S39_Pg2TTT_CB_15mgml_7e-2mms_45C_100um_5ul,pg2tt,550,3,ROI_C,459,139,64,64,1.0,Xnorm_sample,B,True,34,0.016428654365450428,-0.0032539460256117564,0.014447670994298313,-0.00975962721961398,-0.0029506329840092325,0.014809569943016014,0.010195908908584527,102.69253749075557,-163.17833185894628,51.346268745377785,49.20541703526343,0.0009338943612189779,0.05684545674818741
R0S39_Pg2TTT_CB_15mgml_7e-2mms_45C_100um_5ul,pg2tt,550,3,ROI_C,459,139,64,64,1.0,Xnorm_blank,G,True,34,0.005911717354841707,-0.00048325064703840046,0.004879529197361849,-0.003636631591118598,-0.0007274525354971446,0.004903400491064319,0.0037086758446813616,95.65592019394207,-168.6881554467612,47.82796009697103,47.8279611383097,0.00012057211134649692,0.020395445872822843
R0S39_Pg2TTT_CB_15mgml_7e-2mms_45C_100um_5ul,pg2tt,550,3,ROI_C,459,139,64,64,1.0,Xnorm_blank,R,True,34,0.006107744257781763,-0.0005375583869272819,0.00503008341403843,-0.0038989596314283562,-0.0007953417249024012,0.005058725943509923,0.003979253028757869,96.09997234807588,-168.47051914493332,48.04998617403794,47.88237021376667,0.0001307816455947855,0.021412429868317852
R0S39_Pg2TTT_CB_15mgml_7e-2mms_45C_100um_5ul,pg2tt,550,3,ROI_C,459,139,64,64,1.0,Xnorm_blank,B,True,34,0.005327111747713951,-0.00033794608472090216,0.003925161989596728,-0.0030473512788895298,-0.0005812103873886009,0.003939683261475868,0.003102282277833218,94.92088020161947,-169.20186785566662,47.460440100809734,47.699533036083345,9.575370687190764e-05,0.017974788476142645
R0S39_Pg2TTT_CB_15mgml_7e-2mms_45C_100um_5ul,pg2tt,550,4,ROI_C,491,139,64,64,1.0,Afilm_PPL,G,True,34,0.4989778628375793,-0.09444328227775853,0.07616016721749368,-0.00022186356653803446,-0.003781802718968892,0.12132561410515497,0.003788305062604843,141.1168894713573,-93.35747088905555,70.55844473567865,66.66063227773611,0.001743503825323927,0.0034941506531081428
R0S39_Pg2TTT_CB_15mgml_7e-2mms_45C_100um_5ul,pg2tt,550,4,ROI_C,491,139,64,64,1.0,Afilm_PPL,R,True,34,0.4938586028498996,-0.09438541163764876,0.07618085605586021,-0.00015645740460720065,-0.0035169233006262027,0.12129356437755506,0.0035204017415550637,141.09212196267507,-92.5472384356364,70.54606098133753,66.8631903910909,0.0019865236969992426,0.004022454373643851
R0S39_Pg2TTT_CB_15mgml_7e-2mms_45C_100um_5ul,pg2tt,550,4,ROI_C,491,139,64,64,1.0,Afilm_PPL,B,True,34,0.4662230590352374,-0.07469859075729099,0.06077629523272292,-0.00021462281054684257,-0.0015553911339188271,0.09629972753513033,0.0015701288260140697,140.86749570098763,-97.85642580865084,70.43374785049382,65.53589354783729,0.0014172049152334487,0.003039757231577205
R0S39_Pg2TTT_CB_15mgml_7e-2mms_45C_100um_5ul,pg2tt,550,4,ROI_C,491,139,64,64,1.0,Xfilm,G,True,34,0.0002385105246339662,-1.9445872098508278e-05,0.00021025132458487677,-0.00014909332166571256,-2.431035153241789e-05,0.00021114867139379956,0.00015106227774313932,95.28417925418069,-170.7391578897897,47.64208962709034,47.31521052755257,5.996442182413306e-06,0.025141205682535944
R0S39_Pg2TTT_CB_15mgml_7e-2mms_45C_100um_5ul,pg2tt,550,4,ROI_C,491,139,64,64,1.0,Xfilm,R,True,34,0.00015923156571438855,-1.4024345659001259e-05,0.00014045963242108005,-0.00010325268189745519,-1.7202407983393026e-05,0.00014115803417102433,0.00010467587668342775,95.70186214765853,-170.54111831815214,47.850931073829265,47.364720420461964,4.241148321244826e-06,0.026635097605062913
R0S39_Pg2TTT_CB_15mgml_7e-2mms_45C_100um_5ul,pg2tt,550,4,ROI_C,491,139,64,64,1.0,Xfilm,B,True,34,0.00017378473721180822,-1.143903555866434e-05,0.00013787843265993774,-0.00010084381304650524,-1.5305589973330294e-05,0.0001383521366921139,0.00010199870447309715,94.74266259108485,-171.36978702581837,47.371331295542426,47.15755324354541,3.9163338645037924e-06,0.022535545438579184
R0S39_Pg2TTT_CB_15mgml_7e-2mms_45C_100um_5ul,pg2tt,550,4,ROI_C,491,139,64,64,1.0,Xnorm_sample,G,True,34,0.019727480480056826,-0.004943654635782793,0.019785300539172202,-0.012720315226712903,-0.004303732935860666,0.020393573462815794,0.013428646121264645,104.02896471037155,-161.30750183828295,52.01448235518578,49.673124540429264,0.001473440861897052,0.07468976402292797
R0S39_Pg2TTT_CB_15mgml_7e-2mms_45C_100um_5ul,pg2tt,550,4,ROI_C,491,139,64,64,1.0,Xnorm_sample,R,True,34,0.020185415422496557,-0.005142793206020924,0.020276354836185652,-0.01344305371268624,-0.004514718073020836,0.020918386347966812,0.014180915781465887,104.23209402692942,-161.43587808568336,52.11604701346471,49.64103047857916,0.0015728024032381585,0.07791776241609372
R0S39_Pg2TTT_CB_15mgml_7e-2mms_45C_100um_5ul,pg2tt,550,4,ROI_C,491,139,64,64,1.0,Xnorm_sample,B,True,34,0.016005724554178407,-0.003259542525783962,0.014237907784610905,-0.009586372491909918,-0.002752451602926914,0.014606253303310808,0.009973691762837977,102.89474752141507,-163.98010078978237,51.447373760707535,49.00497480255441,0.0009004917217960579,0.05626060342920981
R0S39_Pg2TTT_CB_15mgml_7e-2mms_45C_100um_5ul,pg2tt,550,4,ROI_C,491,139,64,64,1.0,Xnorm_blank,G,True,34,0.005792642245524443,-0.0005141473329359626,0.004852114351186931,-0.0036035187049322523,-0.0006724906449181774,0.0048792787537667226,0.003665731949324593,96.04869362578408,-169.4290298891264,48.02434681289204,47.6427425277184,0.00011557641299280764,0.019952278782994565
R0S39_Pg2TTT_CB_15mgml_7e-2mms_45C_100um_5ul,pg2tt,550,4,ROI_C,491,139,64,64,1.0,Xnorm_blank,R,True,34,0.0059943259868449695,-0.0005700632748949605,0.005015926840982468,-0.0038683600568242896,-0.0007325753060527189,0.0050482169338759925,0.003937115201295468,96.48388100465608,-169.2765329733801,48.24194050232804,47.68086675665497,0.00012662697941836002,0.021124473322793692
R0S39_Pg2TTT_CB_15mgml_7e-2mms_45C_100um_5ul,pg2tt,550,4,ROI_C,491,139,64,64,1.0,Xnorm_blank,B,True,34,0.005207314404918492,-0.00037636768591156047,0.0038954921741178312,-0.0030092369747780857,-0.0005309528104796554,0.003913631550569329,0.0030557189100648328,95.5185721522049,-169.99366374501554,47.75928607610245,47.501584063746115,9.46285881303923e-05,0.018172244030980732
R0S39_Pg2TTT_CB_15mgml_7e-2mms_45C_100um_5ul,pg2tt,550,5,ROI_C,523,139,64,64,1.0,Afilm_PPL,G,True,34,0.4945572119624379,-0.09393123777484365,0.0742531850352407,-0.00014629834537021463,-0.0037505256284193697,0.1197355958676947,0.0037533779046731454,141.67342617836994,-92.23382827197229,70.83671308918497,66.94154293200693,0.001703988927079936,0.0034454839316060974
R0S39_Pg2TTT_CB_15mgml_7e-2mms_45C_100um_5ul,pg2tt,550,5,ROI_C,523,139,64,64,1.0,Afilm_PPL,R,True,34,0.49000750592504916,-0.09416875060349361,0.07465253035534006,-3.794618061141869e-05,-0.003423258443431873,0.12016968785296044,0.003423468750134957,141.59428366033498,-90.63508700606373,70.79714183016749,67.34122824848407,0.0018588731586334176,0.003793560580506607
R0S39_Pg2TTT_CB_15mgml_7e-2mms_45C_100um_5ul,pg2tt,550,5,ROI_C,523,139,64,64,1.0,Afilm_PPL,B,True,34,0.462427621694627,-0.07412383722822503,0.05911908412796671,-3.8515953961690275e-05,-0.0014483104978042088,0.09481249576699267,0.0014488225484024792,141.42512410370273,-91.52334847699954,70.71256205185136,67.11916288075011,0.0014561240319696715,0.0031488690632933305
R0S39_Pg2TTT_CB_15mgml_7e-2mms_45C_100um_5ul,pg2tt,550,5,ROI_C,523,139,64,64,1.0,Xfilm,G,True,34,0.00023269082226784195,-1.9917434091217988e-05,0.0002088247464734033,-0.00014461053640539025,-2.5356559460695096e-05,0.00020977244557009668,0.00014681676453027586,95.44831590887475,-170.05464323644756,47.72415795443737,47.48633919088811,6.350345844335433e-06,0.027290916569691195
R0S39_Pg2TTT_CB_15mgml_7e-2mms_45C_100um_5ul,pg2tt,550,5,ROI_C,523,139,64,64,1.0,Xfilm,R,True,34,0.00015603080144203885,-1.4430142688558637e-05,0.00014024417068105185,-0.00010052927387733421,-1.7864258058406425e-05,0.0001409845964211274,0.00010210419492989213,95.87466091936895,-169.92360801752852,47.937330459684475,47.51909799561787,4.4885787439834385e-06,0.02876726052633628
R0S39_Pg2TTT_CB_15mgml_7e-2mms_45C_100um_5ul,pg2tt,550,5,ROI_C,523,139,64,64,1.0,Xfilm,B,True,34,0.00016902251674559893,-1.190670828290252e-05,0.00013675385866096312,-9.743912998383001e-05,-1.623757461717805e-05,0.0001372712189819731,9.878280660850928e-05,94.97600649878505,-170.5389824566602,47.48800324939253,47.36525438583495,4.249146721804639e-06,0.025139530392040206
R0S39_Pg2TTT_CB_15mgml_7e-2mms_45C_100um_5ul,pg2tt,550,5,ROI_C,523,139,64,64,1.0,Xnorm_sample,G,True,34,0.019449803303951643,-0.0051401707062348045,0.019661959830726945,-0.012367222970713474,-0.004539221679079447,0.020322746351670938,0.013173941606792094,104.65078318398122,-159.84502242151294,52.32539159199061,50.038744394621766,0.0014431449505628957,0.0741984341916451
R0S39_Pg2TTT_CB_15mgml_7e-2mms_45C_100um_5ul,pg2tt,550,5,ROI_C,523,139,64,64,1.0,Xnorm_sample,R,True,34,0.02003281681081371,-0.005395790433542399,0.020313111941022855,-0.013145990543851023,-0.004785636875832857,0.021017541985951474,0.013989974542019432,104.87599836458793,-159.99658400214375,52.437999182293964,50.00085399946406,0.0015466530823965107,0.07720597142806307
R0S39_Pg2TTT_CB_15mgml_7e-2mms_45C_100um_5ul,pg2tt,550,5,ROI_C,523,139,64,64,1.0,Xnorm_sample,B,True,34,0.015752460878133315,-0.0034315458752361416,0.014146496524747832,-0.009297069517802034,-0.002956152085987318,0.014556746580831606,0.009755733533380814,103.63499790085066,-162.3611047169565,51.81749895042533,49.409723820760874,0.0008872506437507032,0.05632457370048196
R0S39_Pg2TTT_CB_15mgml_7e-2mms_45C_100um_5ul,pg2tt,550,5,ROI_C,523,139,64,64,1.0,Xnorm_blank,G,True,34,0.005767351816138011,-0.000596446229115592,0.004915335992383629,-0.003552382100450749,-0.0007583070818109296,0.004951391321865822,0.0036324163057016856,96.91867022610458,-167.9502428649841,48.45933511305229,48.01243928375398,0.00012255908943477442,0.021250496470595598
R0S39_Pg2TTT_CB_15mgml_7e-2mms_45C_100um_5ul,pg2tt,550,5,ROI_C,523,139,64,64,1.0,Xnorm_blank,R,True,34,0.005996385315536263,-0.0006614297765865297,0.005112991412455925,-0.0038281985150814945,-0.0008244600919087036,0.005155596040537247,0.00391597220547111,97.37099486182571,-167.84613066205662,48.685497430912854,48.038467334485844,0.00013466309484179144,0.0224573785260981
R0S39_Pg2TTT_CB_15mgml_7e-2mms_45C_100um_5ul,pg2tt,550,5,ROI_C,523,139,64,64,1.0,Xnorm_blank,B,True,34,0.005168713615005874,-0.0004516365127757347,0.003939695087774356,-0.002955174254697209,-0.0006087224692292423,0.003965497815445826,0.00301721691632699,96.5396928721084,-168.3607072803003,48.2698464360542,47.90982317992493,0.00010276356466596612,0.019881845329510966
R0S39_Pg2TTT_CB_15mgml_7e-2mms_45C_100um_5ul,pg2tt,550,6,ROI_C,555,139,64,64,1.0,Afilm_PPL,G,True,34,0.4942461082837877,-0.0923574886717835,0.0745793274721318,-0.00029197913233552225,-0.004174762539518012,0.11870965335622075,0.004184960462786033,141.07887919908853,-94.00070059460478,70.53943959954427,66.4998248513488,0.0017477791332066895,0.00353625269660112
R0S39_Pg2TTT_CB_15mgml_7e-2mms_45C_100um_5ul,pg2tt,550,6,ROI_C,555,139,64,64,1.0,Afilm_PPL,R,True,34,0.48947505866954577,-0.0921934353795676,0.0746187976698734,-0.000510939705897849,-0.0037683764209075835,0.11860689057885301,0.0038028568514624937,141.01425623014816,-97.72142883736679,70.50712811507408,65.5696427906583,0.001962710046757253,0.004009826470194689
R0S39_Pg2TTT_CB_15mgml_7e-2mms_45C_100um_5ul,pg2tt,550,6,ROI_C,555,139,64,64,1.0,Afilm_PPL,B,True,34,0.46226111522806396,-0.07295622323454781,0.059566167838072386,-9.353465186087012e-05,-0.0018744178199138796,0.09418459990658018,0.0018767500885065746,140.76958168184476,-92.85672657819252,70.38479084092238,66.78581835545187,0.0016338174134406668,0.0035344037376603965
R0S39_Pg2TTT_CB_15mgml_7e-2mms_45C_100um_5ul,pg2tt,550,6,ROI_C,555,139,64,64,1.0,Xfilm,G,True,34,0.00022345820609915145,-1.579274117579263e-05,0.00020256585773399422,-0.00013591326431393222,-2.205468412286205e-05,0.00020318055367912147,0.00013769104730601778,94.4579612295967,-170.782937317885,47.22898061479835,47.30426567052875,5.808928788089888e-06,0.025995593822662273
R0S39_Pg2TTT_CB_15mgml_7e-2mms_45C_100um_5ul,pg2tt,550,6,ROI_C,555,139,64,64,1.0,Xfilm,R,True,34,0.00014943533072673073,-1.1586014107359141e-05,0.00013581942723180207,-9.390698145208223e-05,-1.552699606227633e-05,0.0001363127013028159,9.518197713937057e-05,94.87578631049517,-170.61140476465363,47.437893155247586,47.34714880883659,4.104693163225442e-06,0.02746802322981829
R0S39_Pg2TTT_CB_15mgml_7e-2mms_45C_100um_5ul,pg2tt,550,6,ROI_C,555,139,64,64,1.0,Xfilm,B,True,34,0.0001623689471547972,-9.065715364080332e-06,0.0001333630494019042,-9.185205401764497e-05,-1.4170616158681885e-05,0.00013367082756098004,9.293872276708491e-05,93.88885344274651,-171.22975070902638,46.944426721373254,47.192562322743406,4.018560932445141e-06,0.024749565591901095
R0S39_Pg2TTT_CB_15mgml_7e-2mms_45C_100um_5ul,pg2tt,550,6,ROI_C,555,139,64,64,1.0,Xnorm_sample,G,True,34,0.019240439472533098,-0.005021683816630908,0.0196612294391149,-0.012064237275889806,-0.004498965284920058,0.020292393930035242,0.01287581103014039,104.32763187647717,-159.54863396330546,52.163815938238585,50.112841509173634,0.0013752374640057694,0.07147640602999368
R0S39_Pg2TTT_CB_15mgml_7e-2mms_45C_100um_5ul,pg2tt,550,6,ROI_C,555,139,64,64,1.0,Xnorm_sample,R,True,34,0.01976146449102491,-0.005249291476282574,0.02026642353135736,-0.012753542155578095,-0.0047187133196280396,0.020935209188239035,0.013598495979590635,104.52129775368124,-159.69591069144664,52.26064887684062,50.07602232713834,0.0014604416218918156,0.07390351167957226
R0S39_Pg2TTT_CB_15mgml_7e-2mms_45C_100um_5ul,pg2tt,550,6,ROI_C,555,139,64,64,1.0,Xnorm_sample,B,True,34,0.015593610136156996,-0.0033535462416245543,0.014232759703210147,-0.009093979972187374,-0.0029596498219087715,0.014622507348742786,0.0095634721102155,103.25830006096014,-161.97244156126533,51.62915003048007,49.50688960968367,0.0008524569978371966,0.05466707134135234
R0S39_Pg2TTT_CB_15mgml_7e-2mms_45C_100um_5ul,pg2tt,550,6,ROI_C,555,139,64,64,1.0,Xnorm_blank,G,True,34,0.00570636971945966,-0.000578366673274662,0.004939117211490943,-0.0034553323880146137,-0.0007523865578144601,0.004972865053226446,0.0035362985513164276,96.67887336607683,-167.71579449002556,48.339436683038414,48.07105137749361,0.00012018062416153649,0.02106078471057352
R0S39_Pg2TTT_CB_15mgml_7e-2mms_45C_100um_5ul,pg2tt,550,6,ROI_C,555,139,64,64,1.0,Xnorm_blank,R,True,34,0.0059200759107094995,-0.0006417811763010767,0.005136981023760372,-0.003703281445551342,-0.000816199684447844,0.005176915791929452,0.003792159726311327,97.12126649730577,-167.57077535696567,48.560633248652884,48.10730616075858,0.0001328581491430856,0.022441967151181522
R0S39_Pg2TTT_CB_15mgml_7e-2mms_45C_100um_5ul,pg2tt,550,6,ROI_C,555,139,64,64,1.0,Xnorm_blank,B,True,34,0.005114562811253187,-0.00043743559957412333,0.00398142870594928,-0.002884177402264338,-0.0006089226213587244,0.004005386928167082,0.0029477561036379257,96.26988249980786,-168.07848694958216,48.13494124990393,47.98037826260446,0.00010653945053362127,0.02083060751123829
R0S39_Pg2TTT_CB_15mgml_7e-2mms_45C_100um_5ul,pg2tt,550,7,ROI_C,363,171,64,64,1.0,Afilm_PPL,G,True,34,0.5056663387345125,-0.09687297565488004,0.08108583785722691,-0.0001933570231957421,-0.005068489449047121,0.12633006971121116,0.005072176281786854,140.06956990757868,-92.18470845012371,70.03478495378934,66.95382288746907,0.0015470502991468409,0.0030594290753374067
R0S39_Pg2TTT_CB_15mgml_7e-2mms_45C_100um_5ul,pg2tt,550,7,ROI_C,363,171,64,64,1.0,Afilm_PPL,R,True,34,0.4996732449314536,-0.09608506170532416,0.07996238707203437,-0.000447118861667789,-0.004907492451350193,0.12500528960477553,0.004927818730079083,140.23263222439624,-95.20581345078845,70.11631611219812,66.19854663730288,0.0017032869661423593,0.003408801618691054
R0S39_Pg2TTT_CB_15mgml_7e-2mms_45C_100um_5ul,pg2tt,550,7,ROI_C,363,171,64,64,1.0,Afilm_PPL,B,True,34,0.47179358495143014,-0.07665876800391025,0.06441143329655269,-0.00015046412129255532,-0.0024357843218185994,0.10012691671670305,0.0024404271581454,139.9618239687548,-93.53480344134405,69.9809119843774,66.616299139664,0.0014491719782875946,0.003071622897190752
R0S39_Pg2TTT_CB_15mgml_7e-2mms_45C_100um_5ul,pg2tt,550,7,ROI_C,363,171,64,64,1.0,Xfilm,G,True,34,0.0002528364631688212,-2.1017367357281495e-05,0.0002245510265161842,-0.00016507428431852353,-2.9036185214435732e-05,0.00022553246604447658,0.00016760853019783854,95.34715146405752,-170.0238566446318,47.67357573202876,47.49403583884205,6.180817327853408e-06,0.024445909525638753
R0S39_Pg2TTT_CB_15mgml_7e-2mms_45C_100um_5ul,pg2tt,550,7,ROI_C,363,171,64,64,1.0,Xfilm,R,True,34,0.00016872806193661406,-1.5024762228714591e-05,0.00014901425072726433,-0.00011375037649799443,-1.9750815543522145e-05,0.0001497697913460435,0.00011545234024509732,95.75754271617303,-170.1497697971967,47.87877135808652,47.46255755070082,4.42072937226992e-06,0.02620032077254779
R0S39_Pg2TTT_CB_15mgml_7e-2mms_45C_100um_5ul,pg2tt,550,7,ROI_C,363,171,64,64,1.0,Xfilm,B,True,34,0.00018412550761006096,-1.2564955193767382e-05,0.00014814351183691383,-0.00011260328963503132,-1.988822777036425e-05,0.00014867541221868263,0.00011434615183938916,94.8480017517924,-169.98360245434145,47.4240008758962,47.50409938641464,3.9609057313553864e-06,0.021511987998054906
R0S39_Pg2TTT_CB_15mgml_7e-2mms_45C_100um_5ul,pg2tt,550,7,ROI_C,363,171,64,64,1.0,Xnorm_sample,G,True,34,0.020682309235043845,-0.005054782056040333,0.02132840393363412,-0.013907153601625175,-0.0048156032411452694,0.02191920701098301,0.014717301242935979,103.33297079588253,-160.90066392057892,51.666485397941265,49.77483401985527,0.0016490944151152465,0.07973454009870944
R0S39_Pg2TTT_CB_15mgml_7e-2mms_45C_100um_5ul,pg2tt,550,7,ROI_C,363,171,64,64,1.0,Xnorm_sample,R,True,34,0.02101584323538355,-0.005188327809162332,0.021530923065172847,-0.014520494888305289,-0.004911025980073865,0.02214722089774966,0.015328501165419289,103.5483252415952,-161.31377404248164,51.7741626207976,49.67155648937959,0.0016953243584572405,0.08066887154555001
R0S39_Pg2TTT_CB_15mgml_7e-2mms_45C_100um_5ul,pg2tt,550,7,ROI_C,363,171,64,64,1.0,Xnorm_sample,B,True,34,0.016727702464418247,-0.0032759578899829375,0.015415017919647472,-0.010514788529570652,-0.0032145483206868176,0.015759272748448582,0.010995185252082885,101.99784734815051,-163.00072328433475,50.99892367407526,49.24981917891631,0.0010064255608094952,0.060165199787006816
R0S39_Pg2TTT_CB_15mgml_7e-2mms_45C_100um_5ul,pg2tt,550,7,ROI_C,363,171,64,64,1.0,Xnorm_blank,G,True,34,0.005939898330907625,-0.0004591277788579943,0.005079065758350858,-0.0038424663045088176,-0.0007485081779730195,0.005099775220043649,0.003914691787839515,95.16527674494476,-168.97689196748442,47.58263837247238,47.755777008128895,0.00012360725617482853,0.020809658561130876
R0S39_Pg2TTT_CB_15mgml_7e-2mms_45C_100um_5ul,pg2tt,550,7,ROI_C,363,171,64,64,1.0,Xnorm_blank,R,True,34,0.006127187726133837,-0.0005105956136112664,0.005191079951875878,-0.004090360942454642,-0.000791095393254601,0.005216130648997084,0.004166159449755503,95.6175541964312,-169.05386807400814,47.8087770982156,47.736532981497966,0.0001349234429496365,0.02202045195255519
R0S39_Pg2TTT_CB_15mgml_7e-2mms_45C_100um_5ul,pg2tt,550,7,ROI_C,363,171,64,64,1.0,Xnorm_blank,B,True,34,0.005347043749962137,-0.0003207597110071775,0.004121958314480018,-0.003235345673328496,-0.000633921472263378,0.004134419806758423,0.003296864883328097,94.44963629508938,-168.91412243566106,47.22481814754469,47.771469391084736,9.870789490655944e-05,0.018460274406544387
R0S39_Pg2TTT_CB_15mgml_7e-2mms_45C_100um_5ul,pg2tt,550,8,ROI_C,395,171,64,64,1.0,Afilm_PPL,G,True,34,0.5034363160283037,-0.09727980390901557,0.07763864156234176,-4.799917821833588e-05,-0.004719959751606301,0.12446332356249491,0.004720203806817354,141.4067656558594,-90.58264385264206,70.7033828279297,67.35433903683949,0.0014722100982550819,0.002924322404602588
R0S39_Pg2TTT_CB_15mgml_7e-2mms_45C_100um_5ul,pg2tt,550,8,ROI_C,395,171,64,64,1.0,Afilm_PPL,R,True,34,0.4974186146269169,-0.09644735495439598,0.07673667268531156,5.4608061823641085e-05,-0.00468488407206976,0.12325018950294515,0.0046852023231819,141.49309390547398,-89.33217775894533,70.74654695273699,67.66695556026366,0.0017068770988049788,0.0034314700910052813
R0S39_Pg2TTT_CB_15mgml_7e-2mms_45C_100um_5ul,pg2tt,550,8,ROI_C,395,171,64,64,1.0,Afilm_PPL,B,True,34,0.4700899074224402,-0.07710345827515895,0.061573139072364905,3.363380637562419e-05,-0.002463767249516736,0.0986721578420882,0.002463996812644565,141.3898996940565,-89.21788250974537,70.69494984702825,67.69552937256366,0.0014023276752638176,0.002983105259481036
R0S39_Pg2TTT_CB_15mgml_7e-2mms_45C_100um_5ul,pg2tt,550,8,ROI_C,395,171,64,64,1.0,Xfilm,G,True,34,0.0002486282545875481,-2.430287421048845e-05,0.00022023739232118593,-0.00015796100052564393,-3.488742433302147e-05,0.0002215742283554809,0.00016176776583625918,96.29702874099546,-167.54553581285376,48.14851437049773,48.11361604678656,5.614086988229162e-06,0.022580245253952257
R0S39_Pg2TTT_CB_15mgml_7e-2mms_45C_100um_5ul,pg2tt,550,8,ROI_C,395,171,64,64,1.0,Xfilm,R,True,34,0.0001654689595248288,-1.7092753924189048e-05,0.00014645369709352733,-0.00010899449363426983,-2.3900386329035773e-05,0.00014744777932907478,0.00011158417499479058,96.65692967907076,-167.63189890904567,48.32846483953538,48.09202527273858,4.049771374032964e-06,0.024474507854452203
R0S39_Pg2TTT_CB_15mgml_7e-2mms_45C_100um_5ul,pg2tt,550,8,ROI_C,395,171,64,64,1.0,Xfilm,B,True,34,0.00018180273675961442,-1.45861049975693e-05,0.00014509540930331027,-0.00010774571942138853,-2.3694652214721044e-05,0.00014582671997921115,0.0001103203362812549,95.74052611048738,-167.59735249220734,47.87026305524369,48.100661876948166,3.6039286184531175e-06,0.019823291237881967
R0S39_Pg2TTT_CB_15mgml_7e-2mms_45C_100um_5ul,pg2tt,550,8,ROI_C,395,171,64,64,1.0,Xnorm_sample,G,True,34,0.020200608782093683,-0.005337033932264045,0.020770501438668192,-0.013214960552389408,-0.005200600318335039,0.02144522467142406,0.014201458589605318,104.41054674282695,-158.518435054674,52.205273371413476,50.3703912363315,0.0015652229976036807,0.07748395181602888
R0S39_Pg2TTT_CB_15mgml_7e-2mms_45C_100um_5ul,pg2tt,550,8,ROI_C,395,171,64,64,1.0,Xnorm_sample,R,True,34,0.02050097078294801,-0.0054601501110276215,0.02104050237061641,-0.013830053145501169,-0.005344770025727154,0.021737432673682274,0.014826899090345838,104.54773554986083,-158.87044921112786,52.273867774930416,50.282387697218034,0.0016216232971705737,0.07909982967442125
R0S39_Pg2TTT_CB_15mgml_7e-2mms_45C_100um_5ul,pg2tt,550,8,ROI_C,395,171,64,64,1.0,Xnorm_sample,B,True,34,0.016404953528410357,-0.0035149437903197293,0.015027589002614892,-0.010012861810168097,-0.003522552465254591,0.015433187003358032,0.010614413667273098,103.16477610435442,-160.61798702813454,51.58238805217721,49.845503242966366,0.0009488159800900125,0.05783716353655016
R0S39_Pg2TTT_CB_15mgml_7e-2mms_45C_100um_5ul,pg2tt,550,8,ROI_C,395,171,64,64,1.0,Xnorm_blank,G,True,34,0.005836731627836232,-0.0005615818535322685,0.005023854619793964,-0.003700967420733008,-0.0008812926995980606,0.0050551448464946965,0.0038044495885334022,96.3782193864144,-166.60589096135752,48.1891096932072,48.34852725966062,0.00012209897111567145,0.020919065477063296
R0S39_Pg2TTT_CB_15mgml_7e-2mms_45C_100um_5ul,pg2tt,550,8,ROI_C,395,171,64,64,1.0,Xnorm_blank,R,True,34,0.0060114319658252,-0.0006116489827854192,0.0051577551581042345,-0.003950098530471375,-0.0009364700265784305,0.005193895719890156,0.004059587973072135,96.76301915020801,-166.66282853682117,48.381509575104005,48.33429286579471,0.00013437850319005187,0.022353825832453163
R0S39_Pg2TTT_CB_15mgml_7e-2mms_45C_100um_5ul,pg2tt,550,8,ROI_C,395,171,64,64,1.0,Xnorm_blank,B,True,34,0.005269217858054269,-0.0004059133118679303,0.004070258854508588,-0.0031156195295238926,-0.0007403393528919344,0.0040904489679565925,0.003202372153606,95.6950864256849,-166.6331716888269,47.84754321284245,48.341707077793274,9.72189442351123e-05,0.018450355790102284
R0S39_Pg2TTT_CB_15mgml_7e-2mms_45C_100um_5ul,pg2tt,550,9,ROI_C,427,171,64,64,1.0,Afilm_PPL,G,True,34,0.5015664952172976,-0.09588324083987984,0.07776017138064857,-0.0002542319094106932,-0.00475419894851474,0.12345136745741717,0.0047609916515177035,140.95835738835956,-93.06098980026493,70.47917869417978,66.73475254993377,0.001594799185742413,0.0031796366004238504
R0S39_Pg2TTT_CB_15mgml_7e-2mms_45C_100um_5ul,pg2tt,550,9,ROI_C,427,171,64,64,1.0,Afilm_PPL,R,True,34,0.49569923233948326,-0.09522849840046049,0.07692580511044121,-0.00014410485507429516,-0.0046994139263839205,0.12241750854961919,0.004701622853945978,141.06864078329536,-91.75639211136001,70.53432039164768,67.06090197216,0.001719917674107631,0.0034696799226153797
R0S39_Pg2TTT_CB_15mgml_7e-2mms_45C_100um_5ul,pg2tt,550,9,ROI_C,427,171,64,64,1.0,Afilm_PPL,B,True,34,0.4687253690533487,-0.07593292925195701,0.06167964118472728,-0.0002552708551994756,-0.002736374553610449,0.09782733708662121,0.002748255611685539,140.91335212272023,-95.3295827689042,70.45667606136011,66.16760430777396,0.001433961049289674,0.0030592776580083214
R0S39_Pg2TTT_CB_15mgml_7e-2mms_45C_100um_5ul,pg2tt,550,9,ROI_C,427,171,64,64,1.0,Xfilm,G,True,34,0.0002452156595362382,-2.0602122522392965e-05,0.00021765497239028772,-0.0001548253758396149,-3.365537271484637e-05,0.0002186278446553517,0.00015844109667776613,95.40721930176241,-167.73604526884074,47.703609650881205,48.065988682789815,5.952978441554067e-06,0.02427650186997062
R0S39_Pg2TTT_CB_15mgml_7e-2mms_45C_100um_5ul,pg2tt,550,9,ROI_C,427,171,64,64,1.0,Xfilm,R,True,34,0.00016351200490182993,-1.450167790720787e-05,0.00014546034208488226,-0.00010744020147094395,-2.336870131240187e-05,0.00014618142762189514,0.00010995223096029147,95.69329397501562,-167.72904669058838,47.84664698750781,48.067738327352906,4.277141819862072e-06,0.02615796801141319
R0S39_Pg2TTT_CB_15mgml_7e-2mms_45C_100um_5ul,pg2tt,550,9,ROI_C,427,171,64,64,1.0,Xfilm,B,True,34,0.0001795591991148772,-1.1919837440697197e-05,0.00014292297707221662,-0.00010512652664189796,-2.2576873219475327e-05,0.00014341917549546158,0.00010752349421478984,94.76745939151171,-167.87931582175298,47.383729695755854,48.030171044561754,3.8313333656082e-06,0.021337438366605635
R0S39_Pg2TTT_CB_15mgml_7e-2mms_45C_100um_5ul,pg2tt,550,9,ROI_C,427,171,64,64,1.0,Xnorm_sample,G,True,34,0.019872114574809883,-0.004969705565566019,0.02054174083011846,-0.013031042076728908,-0.004983930049243704,0.021134358039462037,0.013951616979448425,103.6003569023841,-159.06984877730878,51.80017845119205,50.232537805672806,0.0015719063631179748,0.07910111211976606
R0S39_Pg2TTT_CB_15mgml_7e-2mms_45C_100um_5ul,pg2tt,550,9,ROI_C,427,171,64,64,1.0,Xnorm_sample,R,True,34,0.020228958096704355,-0.005088023196028919,0.02093578127740743,-0.013732023704906485,-0.005170766662159944,0.021545183167909522,0.014673285348094962,103.65977185219118,-159.36623318252492,51.82988592609559,50.15844170436877,0.001648345004929161,0.08148442430736066
R0S39_Pg2TTT_CB_15mgml_7e-2mms_45C_100um_5ul,pg2tt,550,9,ROI_C,427,171,64,64,1.0,Xnorm_sample,B,True,34,0.016169825019259593,-0.003245041093074103,0.014841728899035598,-0.00983492928218571,-0.0033487289912691926,0.015192340451958284,0.010389409022777027,102.3332400057366,-161.19662768826007,51.1666200028683,49.700843077934984,0.0009527529851481936,0.05892166328049096
R0S39_Pg2TTT_CB_15mgml_7e-2mms_45C_100um_5ul,pg2tt,550,9,ROI_C,427,171,64,64,1.0,Xnorm_blank,G,True,34,0.005772423395871642,-0.00047889295479899233,0.0050009469147420105,-0.0036481932749239093,-0.0008395252945344995,0.005023824091886951,0.0037435433604224855,95.46999058301802,-167.04065999121215,47.73499529150901,48.23983500219696,0.00013016650391152205,0.022549715251668063
R0S39_Pg2TTT_CB_15mgml_7e-2mms_45C_100um_5ul,pg2tt,550,9,ROI_C,427,171,64,64,1.0,Xnorm_blank,R,True,34,0.005959842673393197,-0.0005216389937741732,0.0051651726074809804,-0.003918571657143833,-0.0009032766544312396,0.005191446359628269,0.0040213321855588425,95.7668390000265,-167.0193928058974,47.88341950001325,48.24515179852565,0.00014318864210356537,0.024025574151274747
R0S39_Pg2TTT_CB_15mgml_7e-2mms_45C_100um_5ul,pg2tt,550,9,ROI_C,427,171,64,64,1.0,Xnorm_blank,B,True,34,0.0052144465393386815,-0.0003346766406759432,0.004037514211350454,-0.003056823036786004,-0.0006962411211010993,0.004051361432984104,0.0031351106482766637,94.73851471219393,-167.16884885453308,47.369257356096966,48.20778778636673,0.00010326752965491697,0.01980412088915762
R0S39_Pg2TTT_CB_15mgml_7e-2mms_45C_100um_5ul,pg2tt,550,10,ROI_C,459,171,64,64,1.0,Afilm_PPL,G,True,34,0.49964798413060163,-0.09518272997927611,0.07870909618009428,-0.0002597695817945639,-0.0044264186630006905,0.12351062265163722,0.0044340345528408485,140.41176181884927,-93.35861792911274,70.20588090942464,66.66034551772182,0.00153162400535218,0.0030654061539228936
R0S39_Pg2TTT_CB_15mgml_7e-2mms_45C_100um_5ul,pg2tt,550,10,ROI_C,459,171,64,64,1.0,Afilm_PPL,R,True,34,0.49428614535707555,-0.09460561693940164,0.07800157138201626,-0.00019631556832710312,-0.0042698460025153775,0.12261512098655931,0.004274356640193252,140.49469281740852,-92.63244570972532,70.24734640870426,66.84188857256868,0.001736666378228361,0.003513483828219115
R0S39_Pg2TTT_CB_15mgml_7e-2mms_45C_100um_5ul,pg2tt,550,10,ROI_C,459,171,64,64,1.0,Afilm_PPL,B,True,34,0.4669091434881711,-0.07537087308179032,0.06252973000938775,-0.0003410822438506128,-0.002413817663406561,0.09793230133188065,0.0024377967120421833,140.31997474605578,-98.0428782492345,70.15998737302789,65.48928043769138,0.0013463066402581293,0.00288344458238127
R0S39_Pg2TTT_CB_15mgml_7e-2mms_45C_100um_5ul,pg2tt,550,10,ROI_C,459,171,64,64,1.0,Xfilm,G,True,34,0.0002470194340374598,-1.7509956939988186e-05,0.00021513243739630753,-0.00015478614930961786,-3.0327443093339054e-05,0.0002158438421917948,0.0001577292167693704,94.65313388210409,-168.9143980948955,47.32656694105204,47.77140047627613,5.9629780644983006e-06,0.024139712179302945
R0S39_Pg2TTT_CB_15mgml_7e-2mms_45C_100um_5ul,pg2tt,550,10,ROI_C,459,171,64,64,1.0,Xfilm,R,True,34,0.00016489709410822558,-1.2405900793454328e-05,0.0001434939759648612,-0.00010742466709502662,-2.1106884640509658e-05,0.00014402925922430204,0.00010947858091747936,94.94127123140277,-168.8840781321031,47.47063561570138,47.778980466974225,4.2694115351915795e-06,0.02589136899221585
R0S39_Pg2TTT_CB_15mgml_7e-2mms_45C_100um_5ul,pg2tt,550,10,ROI_C,459,171,64,64,1.0,Xfilm,B,True,34,0.00018091506851385388,-9.67701857918727e-06,0.00014107495601294845,-0.00010529899466771625,-2.0038025324580022e-05,0.0001414064634401033,0.00010718862223641204,93.92404982337042,-169.22564003902588,46.96202491168521,47.69358999024353,3.870792884952835e-06,0.021395635506507228
R0S39_Pg2TTT_CB_15mgml_7e-2mms_45C_100um_5ul,pg2tt,550,10,ROI_C,459,171,64,64,1.0,Xnorm_sample,G,True,34,0.02000854144374551,-0.004738803021407011,0.020387133010198337,-0.013072986199919211,-0.004660492518137506,0.02093063416266251,0.013878874547127149,103.08551882732816,-160.37895419600684,51.54275941366408,49.90526145099829,0.0015451825135461305,0.07722614453498382
R0S39_Pg2TTT_CB_15mgml_7e-2mms_45C_100um_5ul,pg2tt,550,10,ROI_C,459,171,64,64,1.0,Xnorm_sample,R,True,34,0.020423143180658163,-0.004865727289956264,0.020798599792688936,-0.01380623301514676,-0.004842722791425639,0.02136017451699928,0.014630927315215592,103.16725121304455,-160.67099106866922,51.583625606522276,49.832252232832694,0.001624364348505813,0.07953547277505452
R0S39_Pg2TTT_CB_15mgml_7e-2mms_45C_100um_5ul,pg2tt,550,10,ROI_C,459,171,64,64,1.0,Xnorm_sample,B,True,34,0.01628937533450639,-0.00305659849010736,0.01470400568684353,-0.009882534306626937,-0.0030794504583811807,0.015018341372084118,0.010351207632314329,101.74313079007788,-162.69268699623527,50.87156539503894,49.32682825094118,0.0009442873028714092,0.05796952206099155
R0S39_Pg2TTT_CB_15mgml_7e-2mms_45C_100um_5ul,pg2tt,550,10,ROI_C,459,171,64,64,1.0,Xnorm_blank,G,True,34,0.005850619690503176,-0.00041292546787197355,0.004958264809592074,-0.0036680097052342367,-0.0007622449888002784,0.0049754293647942,0.0037463732623223343,94.76062045565462,-168.2605130854035,47.38031022782731,47.93487172864913,0.00012850381798760313,0.021964137948366144
R0S39_Pg2TTT_CB_15mgml_7e-2mms_45C_100um_5ul,pg2tt,550,10,ROI_C,459,171,64,64,1.0,Xnorm_blank,R,True,34,0.006050222254740882,-0.00045367493474409923,0.005114753898266252,-0.003943501380458756,-0.0008226194957608401,0.005134834796392663,0.004028387515183455,95.06882846162483,-168.2169974164971,47.534414230812416,47.94575064587573,0.0001421805449147845,0.023500053205462567
R0S39_Pg2TTT_CB_15mgml_7e-2mms_45C_100um_5ul,pg2tt,550,10,ROI_C,459,171,64,64,1.0,Xnorm_blank,B,True,34,0.0052837000617427556,-0.0002758280489246431,0.003993571898171925,-0.0030775948602207257,-0.0006238351451079464,0.004003086011871602,0.003140184773533061,93.95103057966101,-168.54127717572035,46.975515289830504,47.86468070606991,0.00010276989726477861,0.019450365472000505
R0S39_Pg2TTT_CB_15mgml_7e-2mms_45C_100um_5ul,pg2tt,550,11,ROI_C,491,171,64,64,1.0,Afilm_PPL,G,True,34,0.4985007752601541,-0.09466492650806951,0.07883565161605514,9.576411960005027e-06,-0.00417867213769884,0.12319297170093033,0.004178683110986836,140.2129320281101,-89.8686934486531,70.10646601405504,67.53282663783672,0.001547402552850539,0.0031041126305969883
R0S39_Pg2TTT_CB_15mgml_7e-2mms_45C_100um_5ul,pg2tt,550,11,ROI_C,491,171,64,64,1.0,Afilm_PPL,R,True,34,0.49310854256486014,-0.09420750057101578,0.07814869337994745,0.00016924890227334316,-0.003931940418103158,0.1224020892012509,0.003935581360159382,140.32300668106018,-87.5352461488408,70.16150334053009,68.11618846278981,0.0016944543766022893,0.0034362705780461634
R0S39_Pg2TTT_CB_15mgml_7e-2mms_45C_100um_5ul,pg2tt,550,11,ROI_C,491,171,64,64,1.0,Afilm_PPL,B,True,34,0.46581544029243205,-0.07493067391480146,0.06279490186569292,2.930756175835436e-06,-0.0019727639552810823,0.0977640301626744,0.0019727661322589715,140.03564613556117,-89.91488092852018,70.01782306778058,67.52127976786996,0.0013097084950052231,0.002811646806254846
R0S39_Pg2TTT_CB_15mgml_7e-2mms_45C_100um_5ul,pg2tt,550,11,ROI_C,491,171,64,64,1.0,Xfilm,G,True,34,0.00024225212967833647,-1.7783014487125044e-05,0.00021059151082498538,-0.00015152151542307358,-2.692891431520657e-05,0.00021134100415158257,0.00015389586109541888,94.82678620705349,-169.92242388423995,47.413393103526744,47.51939402894001,5.982847615965954e-06,0.024696780165413726
R0S39_Pg2TTT_CB_15mgml_7e-2mms_45C_100um_5ul,pg2tt,550,11,ROI_C,491,171,64,64,1.0,Xfilm,R,True,34,0.00016177611397381043,-1.266907213322364e-05,0.00014040423311340716,-0.00010504895119399144,-1.8939256823230915e-05,0.00014097465752709173,0.00010674257630380622,95.15599760988458,-169.77994259117307,47.57799880494229,47.55501435220673,4.2773104888379354e-06,0.026439690986091363
R0S39_Pg2TTT_CB_15mgml_7e-2mms_45C_100um_5ul,pg2tt,550,11,ROI_C,491,171,64,64,1.0,Xfilm,B,True,34,0.00017694592912651934,-1.0022826294158062e-05,0.00013800600141853066,-0.0001027199020426119,-1.7275644419424008e-05,0.00013836948173081502,0.00010416249884555458,94.1538712867089,-170.45321977222017,47.07693564335445,47.38669505694496,3.962345867944287e-06,0.022392975442335084
R0S39_Pg2TTT_CB_15mgml_7e-2mms_45C_100um_5ul,pg2tt,550,11,ROI_C,491,171,64,64,1.0,Xnorm_sample,G,True,34,0.019790613486364617,-0.004791069017945689,0.02001666247001527,-0.012838244828702912,-0.004419861425316405,0.02058205817631553,0.013577765106994488,103.46073305731925,-161.00279603911017,51.73036652865962,49.74930099022246,0.0014861008827915536,0.0750911983471538
R0S39_Pg2TTT_CB_15mgml_7e-2mms_45C_100um_5ul,pg2tt,550,11,ROI_C,491,171,64,64,1.0,Xnorm_sample,R,True,34,0.0202174070436272,-0.004936256344683365,0.02042818081458877,-0.013551350163865727,-0.004611542996646621,0.02101611757899064,0.014314517807932761,103.58452306206938,-161.20649033593463,51.79226153103469,49.69837741601634,0.001573826964240933,0.07784514407643484
R0S39_Pg2TTT_CB_15mgml_7e-2mms_45C_100um_5ul,pg2tt,550,11,ROI_C,491,171,64,64,1.0,Xnorm_sample,B,True,34,0.016071579579512957,-0.0031139106939729513,0.014406713174998911,-0.009677097668362403,-0.002854170681591825,0.014739397013335598,0.010089227401673697,102.19646289579147,-163.56706252833254,51.098231447895735,49.108234367916864,0.0009124438516098156,0.056773750647146605
R0S39_Pg2TTT_CB_15mgml_7e-2mms_45C_100um_5ul,pg2tt,550,11,ROI_C,491,171,64,64,1.0,Xnorm_blank,G,True,34,0.005803910921881807,-0.0004530356313873058,0.0048786641057477435,-0.003621614167555352,-0.0007036383729585574,0.0048996535326508465,0.0036893354602878566,95.30530547237473,-169.00506292000352,47.65265273618736,47.74873426999912,0.00012428619238391317,0.021414214317783075
R0S39_Pg2TTT_CB_15mgml_7e-2mms_45C_100um_5ul,pg2tt,550,11,ROI_C,491,171,64,64,1.0,Xnorm_blank,R,True,34,0.006007401790051709,-0.000498115277189709,0.005034620179165143,-0.003892590850699684,-0.0007655070193426483,0.005059201436771087,0.003967148160532167,95.65034145500412,-168.8743330138679,47.82517072750206,47.781416746533026,0.00013809247738296178,0.022987055333747883
R0S39_Pg2TTT_CB_15mgml_7e-2mms_45C_100um_5ul,pg2tt,550,11,ROI_C,491,171,64,64,1.0,Xnorm_blank,B,True,34,0.0052264724020434595,-0.00031580675530183677,0.00392089121344237,-0.003028422238235235,-0.000561730448041691,0.003933588922897746,0.003080078302461616,94.60492681046452,-169.4918504077059,47.30246340523226,47.627037398073526,0.00010219786015219159,0.019553888793649825
R0S39_Pg2TTT_CB_15mgml_7e-2mms_45C_100um_5ul,pg2tt,550,12,ROI_C,523,171,64,64,1.0,Afilm_PPL,G,True,34,0.495523270176977,-0.0947442877356394,0.07706852379797285,-4.595382731044373e-06,-0.004302403309958472,0.12213123031777064,0.004302405764114312,140.87381261339536,-90.06119740913209,70.43690630669768,67.48470064771698,0.001515258609797908,0.003057895967738655
R0S39_Pg2TTT_CB_15mgml_7e-2mms_45C_100um_5ul,pg2tt,550,12,ROI_C,523,171,64,64,1.0,Afilm_PPL,R,True,34,0.49079697579990794,-0.09440698452787961,0.07676461596114603,0.0001886967185978916,-0.004024739545550743,0.12167779169310042,0.004029160565319979,140.88460067335993,-87.3156985230472,70.44230033667996,68.1710753692382,0.0016066548951479173,0.0032735631521080477
R0S39_Pg2TTT_CB_15mgml_7e-2mms_45C_100um_5ul,pg2tt,550,12,ROI_C,523,171,64,64,1.0,Afilm_PPL,B,True,34,0.4629286552188903,-0.07483314137371477,0.06128582066316879,5.302991204102908e-05,-0.0020232124409884297,0.0967261643104722,0.0020239072985049093,140.68367960346743,-88.49857850895208,70.34183980173371,67.87535537276199,0.0013341473281331642,0.0028819717964951785
R0S39_Pg2TTT_CB_15mgml_7e-2mms_45C_100um_5ul,pg2tt,550,12,ROI_C,523,171,64,64,1.0,Xfilm,G,True,34,0.0002428297841472441,-1.8434772233618123e-05,0.00020963606191072383,-0.0001450123460918551,-2.656115358244718e-05,0.00021044505050188804,0.00014742481269682626,95.02549325477588,-169.62048615689113,47.51274662738794,47.59487846077722,6.0575501382202646e-06,0.024945663624201468
R0S39_Pg2TTT_CB_15mgml_7e-2mms_45C_100um_5ul,pg2tt,550,12,ROI_C,523,171,64,64,1.0,Xfilm,R,True,34,0.0001625029345719159,-1.317892867646246e-05,0.0001399894919595261,-0.00010058406410308994,-1.8810606020729992e-05,0.0001406084706557379,0.00010232786937272577,95.3781038798284,-169.4072593216035,47.6890519399142,47.648185169599124,4.264709381354602e-06,0.026243891326303143
R0S39_Pg2TTT_CB_15mgml_7e-2mms_45C_100um_5ul,pg2tt,550,12,ROI_C,523,171,64,64,1.0,Xfilm,B,True,34,0.0001765099840524294,-1.0724575030644277e-05,0.00013740042263736096,-9.774076525040876e-05,-1.7205755184673353e-05,0.00013781833205533047,9.924361542794794e-05,94.46308357155067,-170.0162486086536,47.231541785775335,47.4959378478366,4.018917855037578e-06,0.022768784745201946
R0S39_Pg2TTT_CB_15mgml_7e-2mms_45C_100um_5ul,pg2tt,550,12,ROI_C,523,171,64,64,1.0,Xnorm_sample,G,True,34,0.020078571441872348,-0.005140998931535006,0.02001452034315248,-0.012392884875045721,-0.004577744497494378,0.020664241930942167,0.01321133377863405,104.40575665748241,-159.726531554165,52.20287832874121,50.06836711145875,0.001446637716262007,0.07204883676002488
R0S39_Pg2TTT_CB_15mgml_7e-2mms_45C_100um_5ul,pg2tt,550,12,ROI_C,523,171,64,64,1.0,Xnorm_sample,R,True,34,0.020603505682999818,-0.005332065040631991,0.02052604208853389,-0.013120117054304601,-0.004810746914330276,0.021207294061661768,0.01397428915517325,104.56191135695182,-159.86355287957446,52.28095567847591,50.034111780106386,0.001545474701568513,0.0750102786036403
R0S39_Pg2TTT_CB_15mgml_7e-2mms_45C_100um_5ul,pg2tt,550,12,ROI_C,523,171,64,64,1.0,Xnorm_sample,B,True,34,0.016238453763084415,-0.0033894648368236,0.014386119495896887,-0.009290711210190747,-0.0029837697964408866,0.014780017118741377,0.009758083674027238,103.25748394098775,-162.19525497987928,51.62874197049388,49.45118625503018,0.0008806927042232157,0.05423501011968873
R0S39_Pg2TTT_CB_15mgml_7e-2mms_45C_100um_5ul,pg2tt,550,12,ROI_C,523,171,64,64,1.0,Xnorm_blank,G,True,34,0.005936332963378946,-0.0005377568278136856,0.004935650573672558,-0.003527174604825974,-0.0007501184922764771,0.004964859413040262,0.0036060558017568726,96.21805343426507,-167.99387062877227,48.10902671713254,48.00153234280693,0.00012495517380551924,0.021049219199009657
R0S39_Pg2TTT_CB_15mgml_7e-2mms_45C_100um_5ul,pg2tt,550,12,ROI_C,523,171,64,64,1.0,Xnorm_blank,R,True,34,0.006159757115993357,-0.0005897664310973213,0.0051055368996345395,-0.0037939888467134874,-0.0008202126544661467,0.005139487472188169,0.003881636274502383,96.58932060400073,-167.8011075803612,48.294660302000366,48.0497231049097,0.00013744811211308162,0.022313885028663515
R0S39_Pg2TTT_CB_15mgml_7e-2mms_45C_100um_5ul,pg2tt,550,12,ROI_C,523,171,64,64,1.0,Xnorm_blank,B,True,34,0.005319404070696846,-0.00039630226045970964,0.003963119012135995,-0.002933369009360095,-0.0006045284431653369,0.00398288435508731,0.0029950139204468033,95.71045513872022,-168.35513238124122,47.85522756936011,47.911216904689695,0.0001033399043988119,0.01942697020304519
R0S39_Pg2TTT_CB_15mgml_7e-2mms_45C_100um_5ul,pg2tt,550,13,ROI_C,555,171,64,64,1.0,Afilm_PPL,G,True,34,0.4949231340842993,-0.09193830879199712,0.07637648694570934,-0.0002846796923163669,-0.004755793803559311,0.11952414141796093,0.004764306584298546,140.28235827649564,-93.42561215309635,70.14117913824782,66.6435969617259,0.0015956803433035214,0.0032240973060445144
R0S39_Pg2TTT_CB_15mgml_7e-2mms_45C_100um_5ul,pg2tt,550,13,ROI_C,555,171,64,64,1.0,Afilm_PPL,R,True,34,0.4900014477654172,-0.09143572368985389,0.07583506665080932,-0.00042414643554030546,-0.004329531231369581,0.1187916196565229,0.004350257565039816,140.32832729957371,-95.5951787744823,70.16416364978686,66.10120530637943,0.0018021268435975991,0.00367779901837488
R0S39_Pg2TTT_CB_15mgml_7e-2mms_45C_100um_5ul,pg2tt,550,13,ROI_C,555,171,64,64,1.0,Afilm_PPL,B,True,34,0.46258749384651804,-0.07257406591539312,0.06104852834337267,-0.00011500780545987965,-0.0025074550401600823,0.09483626867598388,0.0025100911484925996,139.92981197956476,-92.6261076605,69.96490598978238,66.843473084875,0.0014960642611591064,0.003234121719797837
R0S39_Pg2TTT_CB_15mgml_7e-2mms_45C_100um_5ul,pg2tt,550,13,ROI_C,555,171,64,64,1.0,Xfilm,G,True,34,0.00023232141986333847,-1.382797628931907e-05,0.00020118871325925137,-0.00012935883665695286,-2.397605956314732e-05,0.0002016633612512973,0.00013156200079588254,93.93183398494493,-169.49965044083976,46.965916992472465,47.62508738979006,5.070160941524038e-06,0.021823906390907134
R0S39_Pg2TTT_CB_15mgml_7e-2mms_45C_100um_5ul,pg2tt,550,13,ROI_C,555,171,64,64,1.0,Xfilm,R,True,34,0.00015517912782399152,-1.0137270632248668e-05,0.0001342661874660668,-8.928210085275607e-05,-1.692209488882567e-05,0.0001346483321565642,9.087161728564165e-05,94.31771352032807,-169.26774198155212,47.158856760164035,47.68306450461197,3.547660089213296e-06,0.022861709020400228
R0S39_Pg2TTT_CB_15mgml_7e-2mms_45C_100um_5ul,pg2tt,550,13,ROI_C,555,171,64,64,1.0,Xfilm,B,True,34,0.00016891688691690813,-7.50861859650831e-06,0.00013255273877126126,-8.69856794878605e-05,-1.5566241744183204e-05,0.0001327652360710064,8.836750713923725e-05,93.24212753720435,-169.8542109217958,46.62106376860218,47.53644726955105,3.4769471781810312e-06,0.02058377478450453
R0S39_Pg2TTT_CB_15mgml_7e-2mms_45C_100um_5ul,pg2tt,550,13,ROI_C,555,171,64,64,1.0,Xnorm_sample,G,True,34,0.019746799248484683,-0.00496665981134123,0.01969399335146365,-0.011506445184513934,-0.004536038585700102,0.020310615052456845,0.012368262886726822,104.15436570359476,-158.48478824820285,52.07718285179738,50.37880293794929,0.0013337564134966325,0.06754291653273574
R0S39_Pg2TTT_CB_15mgml_7e-2mms_45C_100um_5ul,pg2tt,550,13,ROI_C,555,171,64,64,1.0,Xnorm_sample,R,True,34,0.020225063075177335,-0.005150219655590536,0.020176034580990296,-0.012130236969211165,-0.004743905294751957,0.020822995315615555,0.013024871837173406,104.31976514827628,-158.6404758294643,52.15988257413814,50.33988104263393,0.0014209456151142098,0.07025667162382851
R0S39_Pg2TTT_CB_15mgml_7e-2mms_45C_100um_5ul,pg2tt,550,13,ROI_C,555,171,64,64,1.0,Xnorm_sample,B,True,34,0.015995598933627373,-0.0032668128640300706,0.014250625717948032,-0.00860821369170946,-0.0029924355172465896,0.014620273582995436,0.009113507189167796,102.91139844813637,-160.83123951602528,51.455699224068184,49.79219012099368,0.0008069998352630956,0.05045136718926463
R0S39_Pg2TTT_CB_15mgml_7e-2mms_45C_100um_5ul,pg2tt,550,13,ROI_C,555,171,64,64,1.0,Xnorm_blank,G,True,34,0.005853396974535999,-0.000507693626906842,0.004898474856069699,-0.0032555453433397337,-0.0007568462167055186,0.004924714076405745,0.003342363187668641,95.91719117557503,-166.91240386542123,47.958595587787514,48.271899033644694,0.00011289093192944418,0.019286395985317
R0S39_Pg2TTT_CB_15mgml_7e-2mms_45C_100um_5ul,pg2tt,550,13,ROI_C,555,171,64,64,1.0,Xnorm_blank,R,True,34,0.006064390400093185,-0.0005613451998798778,0.0050700804861966535,-0.0034853253047056306,-0.0008236376326706698,0.005101061121956909,0.003581322581054762,96.31789752136464,-166.70402246094775,48.15894876068232,48.32399438476306,0.00012421741968627142,0.020483084278986985
R0S39_Pg2TTT_CB_15mgml_7e-2mms_45C_100um_5ul,pg2tt,550,13,ROI_C,555,171,64,64,1.0,Xnorm_blank,B,True,34,0.005245865670688042,-0.0003706511907174688,0.00395401479336515,-0.0027026874675887694,-0.0006142868139481664,0.003971349303615929,0.0027716182704788164,95.35528356402685,-167.19493441336687,47.677641782013424,48.20126639665828,9.753537832225229e-05,0.018592808971196327
R0S39_Pg2TTT_CB_15mgml_7e-2mms_45C_100um_5ul,pg2tt,550,14,ROI_C,363,203,64,64,1.0,Afilm_PPL,G,True,34,0.5045989354582127,-0.09851501418723471,0.08048078652398077,0.00025884570851317235,-0.0039250282095494166,0.12720992500520398,0.003933554060461656,140.75326332809072,-86.22695130615716,70.37663166404536,68.44326217346071,0.0018420553424227722,0.0036505335484832147
R0S39_Pg2TTT_CB_15mgml_7e-2mms_45C_100um_5ul,pg2tt,550,14,ROI_C,363,203,64,64,1.0,Afilm_PPL,R,True,34,0.4985257313693867,-0.09728961921429334,0.07902450669767172,0.00013160711739458597,-0.0038487974654562093,0.12534010796896802,0.003851046917845984,140.9144106304119,-88.0415712758804,70.45720531520595,67.9896071810299,0.0018910207893625584,0.0037932260470575348
R0S39_Pg2TTT_CB_15mgml_7e-2mms_45C_100um_5ul,pg2tt,550,14,ROI_C,363,203,64,64,1.0,Afilm_PPL,B,True,34,0.47092100402943354,-0.07815065535233803,0.06394140506490269,-3.840748477430822e-06,-0.0018070588818079568,0.10097538419671342,0.0018070629633938852,140.7106108020511,-90.12177707587787,70.35530540102555,67.46955573103054,0.0016631803946763498,0.003531760912003971
R0S39_Pg2TTT_CB_15mgml_7e-2mms_45C_100um_5ul,pg2tt,550,14,ROI_C,363,203,64,64,1.0,Xfilm,G,True,34,0.00025860568164723976,-2.767286031388975e-05,0.00022702839144861728,-0.0001685286410951738,-3.400045252460418e-05,0.00022870871807104042,0.0001719242090028736,96.94959315566119,-168.59375448721184,48.474796577830595,47.85156137819704,6.602552663794831e-06,0.025531351810243387
R0S39_Pg2TTT_CB_15mgml_7e-2mms_45C_100um_5ul,pg2tt,550,14,ROI_C,363,203,64,64,1.0,Xfilm,R,True,34,0.0001722866356388845,-1.9064031266781826e-05,0.00015021734705802196,-0.00011614947069338328,-2.3119187546621652e-05,0.00015142221978722625,0.00011842802191698115,97.23272260985117,-168.7425875637834,48.61636130492558,47.81435310905415,4.551865243136143e-06,0.026420303582087593
R0S39_Pg2TTT_CB_15mgml_7e-2mms_45C_100um_5ul,pg2tt,550,14,ROI_C,363,203,64,64,1.0,Xfilm,B,True,34,0.00018885830625382287,-1.7427096711249124e-05,0.00014997178366259694,-0.00011560916519564546,-2.3055905818231107e-05,0.00015098092460547462,0.00011788576619055069,96.62818617490565,-168.7214877576479,48.314093087452825,47.81962806058802,4.2505319174204695e-06,0.022506459891689146
R0S39_Pg2TTT_CB_15mgml_7e-2mms_45C_100um_5ul,pg2tt,550,14,ROI_C,363,203,64,64,1.0,Xnorm_sample,G,True,34,0.02101100022009539,-0.005608338932640436,0.021621793263308483,-0.013959647208415565,-0.005091063373864598,0.022337309809030776,0.014859026766922861,104.54113126990235,-159.96315961649438,52.270565634951176,50.009210095876405,0.0016811818284486397,0.08001436441663093
R0S39_Pg2TTT_CB_15mgml_7e-2mms_45C_100um_5ul,pg2tt,550,14,ROI_C,363,203,64,64,1.0,Xnorm_sample,R,True,34,0.021295956336868475,-0.005672957883064241,0.021765116622902616,-0.014576895989785468,-0.005169100280432112,0.02249228207078091,0.01546626956981505,104.6087995451985,-160.47502928360328,52.30439977259925,49.88124267909918,0.0017147854899352958,0.0805216475245145
R0S39_Pg2TTT_CB_15mgml_7e-2mms_45C_100um_5ul,pg2tt,550,14,ROI_C,363,203,64,64,1.0,Xnorm_sample,B,True,34,0.01704787963990958,-0.0037380813237511187,0.01569958049773005,-0.010637507504365182,-0.0034027244242463965,0.016138465843681754,0.011168486890030742,103.3927946599357,-162.26157264649072,51.69639732996785,49.43460683837732,0.0010431625276835178,0.0611901626276299
R0S39_Pg2TTT_CB_15mgml_7e-2mms_45C_100um_5ul,pg2tt,550,14,ROI_C,363,203,64,64,1.0,Xnorm_blank,G,True,34,0.0060378357030203686,-0.0006009774373928554,0.005171823495417331,-0.0038901776533762263,-0.000811073878812835,0.005206623872338583,0.003973829766323698,96.62817086873805,-168.22295679949818,48.31408543436903,47.944260800125456,0.0001307556125336248,0.02165604016792963
R0S39_Pg2TTT_CB_15mgml_7e-2mms_45C_100um_5ul,pg2tt,550,14,ROI_C,363,203,64,64,1.0,Xnorm_blank,R,True,34,0.006218875006259642,-0.0006412020652983223,0.0052779573658414585,-0.00414536651249138,-0.0008541996389529926,0.005316763493346581,0.0042324603419373425,96.92673574952133,-168.35653001072515,48.463367874760664,47.91086749731871,0.00013917699424008671,0.02237977030855542
R0S39_Pg2TTT_CB_15mgml_7e-2mms_45C_100um_5ul,pg2tt,550,14,ROI_C,363,203,64,64,1.0,Xnorm_blank,B,True,34,0.005450352025050756,-0.00045016148286701214,0.004213322841313196,-0.0032939329456234435,-0.0006759787565578761,0.0042373027654144,0.0033625795945346885,96.0984829187352,-168.4028136873165,48.0492414593676,47.899296578170876,0.000103132676189113,0.018922204601863377
R0S39_Pg2TTT_CB_15mgml_7e-2mms_45C_100um_5ul,pg2tt,550,15,ROI_C,395,203,64,64,1.0,Afilm_PPL,G,True,34,0.5022570946497565,-0.09807346882036587,0.078137759880279,7.594592918619414e-05,-0.0035643124109768706,0.12539503501162802,0.0035651214211024716,141.4547288559072,-88.7793654484359,70.7273644279536,67.80515863789103,0.001763758990199791,0.0035116656568608897
R0S39_Pg2TTT_CB_15mgml_7e-2mms_45C_100um_5ul,pg2tt,550,15,ROI_C,395,203,64,64,1.0,Afilm_PPL,R,True,34,0.4962436466357239,-0.09686236372217236,0.0768686496553988,0.00017367709437465795,-0.0037793834612505142,0.12365721493584939,0.0037833719193709125,141.56496399795822,-87.36889129958705,70.78248199897911,68.15777717510323,0.0018229636953649038,0.0036735255105430254
R0S39_Pg2TTT_CB_15mgml_7e-2mms_45C_100um_5ul,pg2tt,550,15,ROI_C,395,203,64,64,1.0,Afilm_PPL,B,True,34,0.4693149104224197,-0.07784344261109231,0.061853717101095926,4.403253459227263e-05,-0.001751206487084194,0.09942577068732647,0.0017517599791376623,141.52965403656498,-88.55965191038992,70.76482701828249,67.86008702240252,0.0014912717653881725,0.003177550366006346
R0S39_Pg2TTT_CB_15mgml_7e-2mms_45C_100um_5ul,pg2tt,550,15,ROI_C,395,203,64,64,1.0,Xfilm,G,True,34,0.0002509852577671175,-2.8107304621312015e-05,0.00022277868069064857,-0.0001638408573052549,-3.6656474678837885e-05,0.00022454478649779687,0.00016789140436127508,97.19083902240094,-167.38877491693538,48.59541951120047,48.152806270766156,6.1266906236487905e-06,0.024410559623079628
R0S39_Pg2TTT_CB_15mgml_7e-2mms_45C_100um_5ul,pg2tt,550,15,ROI_C,395,203,64,64,1.0,Xfilm,R,True,34,0.00016693625308812247,-1.953048417894681e-05,0.00014799570030897064,-0.00011319135659656388,-2.501187043744906e-05,0.0001492788234218328,0.00011592185674388684,97.51768743014541,-167.53959251430408,48.75884371507271,48.11510187142398,4.318092176571558e-06,0.02586671301664718
R0S39_Pg2TTT_CB_15mgml_7e-2mms_45C_100um_5ul,pg2tt,550,15,ROI_C,395,203,64,64,1.0,Xfilm,B,True,34,0.0001840022052320427,-1.7506844169444733e-05,0.0001468791192377654,-0.00011224844241396958,-2.4723544919204476e-05,0.00014791877927036487,0.00011493896857782466,96.79714209645194,-167.57851765845558,48.39857104822597,48.105370585386105,3.977410781333328e-06,0.021616103756481424
R0S39_Pg2TTT_CB_15mgml_7e-2mms_45C_100um_5ul,pg2tt,550,15,ROI_C,395,203,64,64,1.0,Xnorm_sample,G,True,34,0.02024889419966113,-0.005581605219543437,0.021044922780078478,-0.013515042277371252,-0.005231814026423914,0.02177253066701941,0.01449235128494401,104.85418446808464,-158.83805899510295,52.42709223404232,50.29048525122426,0.0016258670353932146,0.08029411479369228
R0S39_Pg2TTT_CB_15mgml_7e-2mms_45C_100um_5ul,pg2tt,550,15,ROI_C,395,203,64,64,1.0,Xnorm_sample,R,True,34,0.02051839687469432,-0.005674603333679092,0.021280358318795288,-0.01415270213262556,-0.005356651018200995,0.02202395907122336,0.015132504346129156,104.93101779293949,-159.26886531297433,52.46550889646974,50.18278367175642,0.0016805829928400527,0.08190615490193766
R0S39_Pg2TTT_CB_15mgml_7e-2mms_45C_100um_5ul,pg2tt,550,15,ROI_C,395,203,64,64,1.0,Xnorm_sample,B,True,34,0.016491980206852736,-0.0037523832790424885,0.015281133152915224,-0.010294120965585248,-0.0035325699763768927,0.015735101229733556,0.010883380774929322,103.79638242184153,-161.05963350833343,51.898191210920764,49.73509162291664,0.0009984677298805246,0.060542622371393545
R0S39_Pg2TTT_CB_15mgml_7e-2mms_45C_100um_5ul,pg2tt,550,15,ROI_C,395,203,64,64,1.0,Xnorm_blank,G,True,34,0.005850411205564915,-0.0006436423902947404,0.005107585064858949,-0.0038036745568392196,-0.0008842759067892583,0.005147980256503954,0.003905109987397794,97.18238076672446,-166.91238800692838,48.59119038336223,48.271902998267905,0.00013423543241988987,0.0229446149476229
R0S39_Pg2TTT_CB_15mgml_7e-2mms_45C_100um_5ul,pg2tt,550,15,ROI_C,395,203,64,64,1.0,Xnorm_blank,R,True,34,0.006019481608941633,-0.0006915840055391766,0.005239542838478515,-0.004064846615432098,-0.0009337935974456528,0.005284987946340947,0.004170725175508485,97.51918716824655,-167.06224515824258,48.75959358412327,48.234438710439356,0.00014534258171249105,0.024145365187667765
R0S39_Pg2TTT_CB_15mgml_7e-2mms_45C_100um_5ul,pg2tt,550,15,ROI_C,395,203,64,64,1.0,Xnorm_blank,B,True,34,0.005294848929840913,-0.00048591013697187784,0.004150590217260568,-0.0032154563663608212,-0.0007348125737905922,0.004178936205881965,0.003298349460346961,96.67723032149144,-167.12751964405155,48.33861516074572,48.21812008898711,0.00010790046640012098,0.020378384314542572
R0S39_Pg2TTT_CB_15mgml_7e-2mms_45C_100um_5ul,pg2tt,550,16,ROI_C,427,203,64,64,1.0,Afilm_PPL,G,True,34,0.5034694957307875,-0.09746125501230558,0.08017986182903034,-0.0006290845620133684,-0.004192384599833711,0.12620422525215255,0.004239320230778328,140.55639912112463,-98.53379793478818,70.27819956056231,65.36655051630295,0.0016404595393457433,0.003258309695528531
R0S39_Pg2TTT_CB_15mgml_7e-2mms_45C_100um_5ul,pg2tt,550,16,ROI_C,427,203,64,64,1.0,Afilm_PPL,R,True,34,0.49784210067989587,-0.0962668956766827,0.07892380009018303,-0.0005117337171245684,-0.004315277355645353,0.12448406092307755,0.0043455137847425674,140.653605355595,-96.76292322814025,70.3268026777975,65.80926919296493,0.0016437722985855113,0.00330179447727971
R0S39_Pg2TTT_CB_15mgml_7e-2mms_45C_100um_5ul,pg2tt,550,16,ROI_C,427,203,64,64,1.0,Afilm_PPL,B,True,34,0.4699490406353401,-0.07710475874057807,0.06329097038652676,-0.0004429224550108468,-0.0024293679155951223,0.09975415155727083,0.002469414661509044,140.61934786144636,-100.33267821241324,70.30967393072318,64.91683044689668,0.0013417941935533445,0.0028551908345987305
R0S39_Pg2TTT_CB_15mgml_7e-2mms_45C_100um_5ul,pg2tt,550,16,ROI_C,427,203,64,64,1.0,Xfilm,G,True,34,0.00025345559768358934,-2.2565885917415164e-05,0.0002215081662698203,-0.0001575111158634319,-3.1318192605997124e-05,0.00022265463599812187,0.0001605944607035056,95.81687301739464,-168.75444967312097,47.90843650869732,47.81138758171976,5.339748942010068e-06,0.02106778847949672
R0S39_Pg2TTT_CB_15mgml_7e-2mms_45C_100um_5ul,pg2tt,550,16,ROI_C,427,203,64,64,1.0,Xfilm,R,True,34,0.00016914164292963134,-1.5850708792767825e-05,0.0001474413086174677,-0.00010902844358852176,-2.1693270950544726e-05,0.00014829087785856718,0.00011116563999666993,96.13602842048219,-168.7468834947708,48.068014210241095,47.8132791263073,3.7924261655103588e-06,0.022421599302228236
R0S39_Pg2TTT_CB_15mgml_7e-2mms_45C_100um_5ul,pg2tt,550,16,ROI_C,427,203,64,64,1.0,Xfilm,B,True,34,0.00018526432702111316,-1.3541290592432792e-05,0.00014571792566758443,-0.00010738933714631859,-2.0900937315577682e-05,0.00014634575638457158,0.00010940438251457475,95.30914061274056,-168.98634346761085,47.65457030637028,47.75341413309729,3.5825119499450644e-06,0.0193373003222552
R0S39_Pg2TTT_CB_15mgml_7e-2mms_45C_100um_5ul,pg2tt,550,16,ROI_C,427,203,64,64,1.0,Xnorm_sample,G,True,34,0.02053585879056763,-0.0052744439020366365,0.021195255773995333,-0.013250714696797724,-0.004836144823574105,0.021841671772115198,0.014105663285734343,103.97422391382077,-159.94931454540514,51.98711195691038,50.012671363648714,0.0015560337090790486,0.07577154307848973
R0S39_Pg2TTT_CB_15mgml_7e-2mms_45C_100um_5ul,pg2tt,550,16,ROI_C,427,203,64,64,1.0,Xnorm_sample,R,True,34,0.020905557760064274,-0.0053836709053898014,0.02151204415582144,-0.013910042462889547,-0.0049888734059644856,0.022175480968392815,0.014777622920487921,104.05043049187663,-160.26949418100568,52.02521524593831,49.93262645474858,0.0016064500952830223,0.07684320665555111
R0S39_Pg2TTT_CB_15mgml_7e-2mms_45C_100um_5ul,pg2tt,550,16,ROI_C,427,203,64,64,1.0,Xnorm_sample,B,True,34,0.01663758221376404,-0.003477300699627029,0.015309422257124963,-0.010001544478121481,-0.0031991501148691563,0.015699363999938973,0.010500735850658735,102.7967447068741,-162.26231344451975,51.39837235343705,49.43442163887006,0.0009409861137112046,0.056557864091345084
R0S39_Pg2TTT_CB_15mgml_7e-2mms_45C_100um_5ul,pg2tt,550,16,ROI_C,427,203,64,64,1.0,Xnorm_blank,G,True,34,0.00591896643090841,-0.0005250014699033083,0.005107989614007651,-0.0036758495670433907,-0.0007577366741255442,0.005134898678670366,0.003753136675748423,95.86828005848015,-168.35224910873475,47.934140029240076,47.91193772281631,0.00011958461028121547,0.0202036304238101
R0S39_Pg2TTT_CB_15mgml_7e-2mms_45C_100um_5ul,pg2tt,550,16,ROI_C,427,203,64,64,1.0,Xnorm_blank,R,True,34,0.006113332545378025,-0.0005696197681011083,0.005253569993373108,-0.003936472294039513,-0.0008122333596803479,0.005284360354430977,0.004019395122691763,96.18813684290957,-168.34146923793838,48.094068421454786,47.914632690515404,0.00013033955485161527,0.021320540615582532
R0S39_Pg2TTT_CB_15mgml_7e-2mms_45C_100um_5ul,pg2tt,550,16,ROI_C,427,203,64,64,1.0,Xnorm_blank,B,True,34,0.005336311197903869,-0.00038391561969745424,0.00414044185490598,-0.0030913732826161034,-0.0006226710757308373,0.004158202731578266,0.003153459693895652,95.29750901072228,-168.61173936858805,47.64875450536114,47.84706515785299,9.963446843337042e-05,0.01867103786110456
R0S39_Pg2TTT_CB_15mgml_7e-2mms_45C_100um_5ul,pg2tt,550,17,ROI_C,459,203,64,64,1.0,Afilm_PPL,G,True,34,0.5018643799450362,-0.09658177922317146,0.0808137828885907,-0.0006424326364278532,-0.004020848121363607,0.12593215468131128,0.004071847161598884,140.07944825112952,-99.0777293341054,70.03972412556476,65.23056766647365,0.0014826407423112864,0.002954265737031805
R0S39_Pg2TTT_CB_15mgml_7e-2mms_45C_100um_5ul,pg2tt,550,17,ROI_C,459,203,64,64,1.0,Afilm_PPL,R,True,34,0.49675180348651493,-0.09552919878853704,0.07958565629267184,-0.0005115820176707919,-0.00407547847010261,0.1243370600774971,0.004107461615289184,140.2022203144266,-97.15473689240659,70.1011101572133,65.71131577689835,0.0015955203085530308,0.003211906423593149
R0S39_Pg2TTT_CB_15mgml_7e-2mms_45C_100um_5ul,pg2tt,550,17,ROI_C,459,203,64,64,1.0,Afilm_PPL,B,True,34,0.4682227079359018,-0.0763355445281459,0.06387866751180431,-0.0004549591410966253,-0.0023145404644772834,0.09953692541711437,0.002358831359332434,140.07692858552898,-101.12060234808116,70.03846429276449,64.71984941297971,0.001218718655689206,0.002602861063828288
R0S39_Pg2TTT_CB_15mgml_7e-2mms_45C_100um_5ul,pg2tt,550,17,ROI_C,459,203,64,64,1.0,Xfilm,G,True,34,0.00025711515162229505,-1.820996574532864e-05,0.00021699542013057062,-0.00015363781078695456,-2.8151466963690855e-05,0.00021775815762007378,0.00015619565293443935,94.79694575939985,-169.61672207174553,47.39847287969992,47.59581948206362,5.132979749642396e-06,0.019963738804545675
R0S39_Pg2TTT_CB_15mgml_7e-2mms_45C_100um_5ul,pg2tt,550,17,ROI_C,459,203,64,64,1.0,Xfilm,R,True,34,0.00017180999324993402,-1.2751190825276547e-05,0.0001442297324714111,-0.00010631439229879234,-1.953545209833441e-05,0.00014479229467149638,0.00010809432870668024,95.05232049941746,-169.58795181566703,47.52616024970873,47.60301204608324,3.6055670440928964e-06,0.02098578176335793
R0S39_Pg2TTT_CB_15mgml_7e-2mms_45C_100um_5ul,pg2tt,550,17,ROI_C,459,203,64,64,1.0,Xfilm,B,True,34,0.00018778378313310084,-1.0361310196988407e-05,0.0001423059266302477,-0.00010453706148738653,-1.8723813498952632e-05,0.00014268263210037745,0.00010620065167578395,94.16436352976707,-169.84533103439657,47.082181764883536,47.53866724140086,3.548251955802552e-06,0.018895411934438156
R0S39_Pg2TTT_CB_15mgml_7e-2mms_45C_100um_5ul,pg2tt,550,17,ROI_C,459,203,64,64,1.0,Xnorm_sample,G,True,34,0.020793030187193084,-0.00500234909466115,0.020922325602246633,-0.013010184976304788,-0.004518718202760069,0.02151202466229718,0.013772571557760084,103.4465020052796,-160.8467816242768,51.7232510026398,49.7883045939308,0.0014732720835073504,0.07085413093585173
R0S39_Pg2TTT_CB_15mgml_7e-2mms_45C_100um_5ul,pg2tt,550,17,ROI_C,459,203,64,64,1.0,Xnorm_sample,R,True,34,0.021228888376290094,-0.005106060872292522,0.021260115069011924,-0.013675349905545888,-0.004670016562915598,0.02186468271846597,0.01445075256645895,103.50499122802007,-161.14539706633948,51.75249561401004,49.71365073341513,0.0015160428449549517,0.07141414180578387
R0S39_Pg2TTT_CB_15mgml_7e-2mms_45C_100um_5ul,pg2tt,550,17,ROI_C,459,203,64,64,1.0,Xnorm_sample,B,True,34,0.01683094292391066,-0.0032389729836103387,0.015050722608947789,-0.009789441942841705,-0.002955827112773411,0.015395297887343713,0.010225951665878084,102.14504170582141,-163.19881816071918,51.072520852910706,49.200295459820204,0.0008896053149893969,0.05285534618935314
R0S39_Pg2TTT_CB_15mgml_7e-2mms_45C_100um_5ul,pg2tt,550,17,ROI_C,459,203,64,64,1.0,Xnorm_blank,G,True,34,0.006038408809714179,-0.000431543996707411,0.005030339308541641,-0.003609938313786858,-0.0006882802132136096,0.005048816077077219,0.003674967249003408,94.90329925345561,-169.2053961169387,47.45164962672781,47.69865097076533,0.00011751484926551909,0.019461227775272188
R0S39_Pg2TTT_CB_15mgml_7e-2mms_45C_100um_5ul,pg2tt,550,17,ROI_C,459,203,64,64,1.0,Xnorm_blank,R,True,34,0.006248576305676103,-0.000467288540214693,0.0051716006668168875,-0.0038676965648928923,-0.0007398546244409716,0.005192669066755251,0.003937824473410537,95.16303457831393,-169.17067136757126,47.58151728915696,47.707332158107185,0.00012704220800478753,0.020331384585806068
R0S39_Pg2TTT_CB_15mgml_7e-2mms_45C_100um_5ul,pg2tt,550,17,ROI_C,459,203,64,64,1.0,Xnorm_blank,B,True,34,0.005435762476542238,-0.00029868798953514844,0.0040605505629503005,-0.0030280814208436227,-0.0005634462925187552,0.004071521262300929,0.0030800566254228934,94.20701440162675,-169.45931100634954,47.103507200813375,47.635172248412616,0.00010077608338063631,0.01853945675459349
R0S39_Pg2TTT_CB_15mgml_7e-2mms_45C_100um_5ul,pg2tt,550,18,ROI_C,491,203,64,64,1.0,Afilm_PPL,G,True,34,0.4984406711083314,-0.09370409729722518,0.07900210508166022,-0.00016336841630697901,-0.003613005488706751,0.1225634140256444,0.0036166970983027816,139.86569752711821,-92.58896626951001,69.93284876355911,66.8527584326225,0.0014516792019200475,0.0029124413115992017
R0S39_Pg2TTT_CB_15mgml_7e-2mms_45C_100um_5ul,pg2tt,550,18,ROI_C,491,203,64,64,1.0,Afilm_PPL,R,True,34,0.4931969188744794,-0.09301755836488022,0.07795531737128522,3.461801991626323e-05,-0.0037259969577272956,0.12136431794651055,0.0037261577712566045,140.03460300283774,-89.46768357844502,70.01730150141887,67.63307910538875,0.0015259420806568325,0.003093981373882218
R0S39_Pg2TTT_CB_15mgml_7e-2mms_45C_100um_5ul,pg2tt,550,18,ROI_C,491,203,64,64,1.0,Afilm_PPL,B,True,34,0.46575435950625327,-0.07399679383571775,0.06265643446025215,-6.760945529515894e-05,-0.0017193079197781874,0.09696058104837033,0.0017206367314041933,139.7439003601712,-92.2519186547621,69.8719501800856,66.93702033630947,0.001209738888220863,0.002597375340728343
R0S39_Pg2TTT_CB_15mgml_7e-2mms_45C_100um_5ul,pg2tt,550,18,ROI_C,491,203,64,64,1.0,Xfilm,G,True,34,0.0002475067771663596,-1.8308220492337904e-05,0.00020646767867140515,-0.0001486791020128313,-2.9096349087181214e-05,0.00020727781664605277,0.00015149941552872407,95.0673659166676,-168.92721435045965,47.5336829583338,47.76819641238509,5.130471238562872e-06,0.020728609036777444
R0S39_Pg2TTT_CB_15mgml_7e-2mms_45C_100um_5ul,pg2tt,550,18,ROI_C,491,203,64,64,1.0,Xfilm,R,True,34,0.00016521302468781927,-1.2851767756049317e-05,0.00013725249644075196,-0.00010305138126728803,-2.0327911513714728e-05,0.00013785287705983526,0.00010503718945023891,95.3493472659241,-168.84110121717796,47.67467363296205,47.78972469570551,3.6598759771077353e-06,0.022152466259066694
R0S39_Pg2TTT_CB_15mgml_7e-2mms_45C_100um_5ul,pg2tt,550,18,ROI_C,491,203,64,64,1.0,Xfilm,B,True,34,0.00018092419135505867,-1.0465558515757855e-05,0.00013485497451218845,-0.0001004576462653974,-1.919579509356888e-05,0.00013526046009728693,0.0001022752034584043,94.4376031800634,-169.18212981881345,47.2188015900317,47.70446754529664,3.523054818669487e-06,0.01947254688723767
R0S39_Pg2TTT_CB_15mgml_7e-2mms_45C_100um_5ul,pg2tt,550,18,ROI_C,491,203,64,64,1.0,Xnorm_sample,G,True,34,0.02003109134179853,-0.004861216913507965,0.019861745448951133,-0.012524189121746682,-0.004453547661020052,0.020447991641212762,0.01329245650458391,103.75293598508335,-160.42483278767367,51.87646799254168,49.893791803081584,0.0013829917725729007,0.06904225780339754
R0S39_Pg2TTT_CB_15mgml_7e-2mms_45C_100um_5ul,pg2tt,550,18,ROI_C,491,203,64,64,1.0,Xnorm_sample,R,True,34,0.020442911215631986,-0.004979381045372421,0.020204891826325476,-0.013199021577817908,-0.004634451637116567,0.02080941828376104,0.0139890068478243,103.84434261171329,-160.6527623774957,51.922171305856644,49.83680940562608,0.0014496647238922827,0.0709128317650209
R0S39_Pg2TTT_CB_15mgml_7e-2mms_45C_100um_5ul,pg2tt,550,18,ROI_C,491,203,64,64,1.0,Xnorm_sample,B,True,34,0.016271066119003794,-0.003169961882879435,0.014256522289267826,-0.00939254402741347,-0.0029197500728116157,0.014604693975681204,0.009835894661625036,102.53587661563446,-162.73171039538613,51.26793830781723,49.31707240115347,0.0008270452893478787,0.050829200941608976
R0S39_Pg2TTT_CB_15mgml_7e-2mms_45C_100um_5ul,pg2tt,550,18,ROI_C,491,203,64,64,1.0,Xnorm_blank,G,True,34,0.005883252280324346,-0.00046236852614127237,0.004821713309221691,-0.0035305571526077955,-0.0007319934884444789,0.0048438315299245945,0.003605641173904467,95.4775153860776,-168.28676972927377,47.7387576930388,47.92830756768156,0.0001142102842320986,0.019412780341690423
R0S39_Pg2TTT_CB_15mgml_7e-2mms_45C_100um_5ul,pg2tt,550,18,ROI_C,491,203,64,64,1.0,Xnorm_blank,R,True,34,0.006085137648906875,-0.0005003916224179971,0.004961993785400544,-0.003792385993708367,-0.0007911211130629841,0.004987160926031938,0.0038740242824238224,95.75851736852302,-168.21664295380552,47.87925868426151,47.94583926154862,0.00012612876582298398,0.020727348020617774
R0S39_Pg2TTT_CB_15mgml_7e-2mms_45C_100um_5ul,pg2tt,550,18,ROI_C,491,203,64,64,1.0,Xnorm_blank,B,True,34,0.005298548295769533,-0.0003257335073664617,0.0038679300251300776,-0.0029406824510040744,-0.0005949936419419408,0.0038816214391828602,0.0030002717729556874,94.81374334556212,-168.56166029220785,47.40687167278106,47.85958492694804,9.794197920090843e-05,0.018484681787391193
R0S39_Pg2TTT_CB_15mgml_7e-2mms_45C_100um_5ul,pg2tt,550,19,ROI_C,523,203,64,64,1.0,Afilm_PPL,G,True,34,0.4946988615675819,-0.09100302929032884,0.07719097859661818,-0.0005113211823525102,-0.003993320842300217,0.11933146490645297,0.004025923583610559,139.69458139996485,-97.29668243607505,69.84729069998242,65.67582939098124,0.0014047253174855165,0.0028395563980710197
R0S39_Pg2TTT_CB_15mgml_7e-2mms_45C_100um_5ul,pg2tt,550,19,ROI_C,523,203,64,64,1.0,Afilm_PPL,R,True,34,0.4901064677344571,-0.09067297171124543,0.07676949885413258,-0.00024587472199054383,-0.004038835381136814,0.11880717046232091,0.004046312594799922,139.74662762046017,-93.4837317848948,69.87331381023009,66.6290670537763,0.0014959209150905474,0.0030522366334043054
R0S39_Pg2TTT_CB_15mgml_7e-2mms_45C_100um_5ul,pg2tt,550,19,ROI_C,523,203,64,64,1.0,Afilm_PPL,B,True,34,0.4623562068776342,-0.07168369743289549,0.06102717890190944,-0.0003886092772694416,-0.0018351915902788674,0.09414281195278038,0.0018758852159474354,139.59092956712797,-101.95600067082145,69.79546478356399,64.51099983229463,0.0012546378358795683,0.0027135741171284925
R0S39_Pg2TTT_CB_15mgml_7e-2mms_45C_100um_5ul,pg2tt,550,19,ROI_C,523,203,64,64,1.0,Xfilm,G,True,34,0.00024537675671197726,-1.5848851945214138e-05,0.0002009208847240993,-0.00013866782254025122,-2.7166316525873454e-05,0.00020154500248405097,0.0001413038349148336,94.51021265974833,-168.91560883437475,47.25510632987417,47.77109779140631,5.2921108602408925e-06,0.021567286606878885
R0S39_Pg2TTT_CB_15mgml_7e-2mms_45C_100um_5ul,pg2tt,550,19,ROI_C,523,203,64,64,1.0,Xfilm,R,True,34,0.0001638741720918767,-1.1269815696108996e-05,0.0001335303039257473,-9.623249862034604e-05,-1.9147407424911308e-05,0.00013400504024971117,9.811889217582134e-05,94.82426984267296,-168.74680804482622,47.41213492133648,47.813297988793444,3.776300021998316e-06,0.023043899784507955
R0S39_Pg2TTT_CB_15mgml_7e-2mms_45C_100um_5ul,pg2tt,550,19,ROI_C,523,203,64,64,1.0,Xfilm,B,True,34,0.00017897201638989162,-8.964474095711044e-06,0.00013131734736874292,-9.308125757379942e-05,-1.7937880655983665e-05,0.0001316229748781563,9.479392424595737e-05,93.9052790510624,-169.09213246943773,46.9526395255312,47.72696688264057,3.507983885014762e-06,0.019600739468520367
R0S39_Pg2TTT_CB_15mgml_7e-2mms_45C_100um_5ul,pg2tt,550,19,ROI_C,523,203,64,64,1.0,Xnorm_sample,G,True,34,0.020028977359969165,-0.004838639381222027,0.019405325640678726,-0.011838741330547433,-0.0043729544956193,0.019999477350228327,0.01262055970677882,104.00096817749413,-159.72694781815372,52.000484088747065,50.06826304546157,0.001345940129604893,0.06719964306454064
R0S39_Pg2TTT_CB_15mgml_7e-2mms_45C_100um_5ul,pg2tt,550,19,ROI_C,523,203,64,64,1.0,Xnorm_sample,R,True,34,0.02050852582072713,-0.004993646853707203,0.019819677963341248,-0.01252769721341666,-0.004587136304619976,0.020439083723838857,0.013341102538703844,104.14156445236586,-159.8893116597707,52.07078222618293,50.027672085057326,0.0014400024303972655,0.07021481909107768
R0S39_Pg2TTT_CB_15mgml_7e-2mms_45C_100um_5ul,pg2tt,550,19,ROI_C,523,203,64,64,1.0,Xnorm_sample,B,True,34,0.016261431001346534,-0.0031732457096439928,0.013915635023241078,-0.008823107775678872,-0.002874421120745242,0.014272854880290339,0.00927952194892772,102.84576512579676,-161.95525578934462,51.42288256289838,49.511186052663845,0.0008055154322200565,0.04953533499627556
R0S39_Pg2TTT_CB_15mgml_7e-2mms_45C_100um_5ul,pg2tt,550,19,ROI_C,523,203,64,64,1.0,Xnorm_blank,G,True,34,0.005955284345966852,-0.000470831040967751,0.004769097247435609,-0.0033585907967550025,-0.0007369127827299644,0.004792282381562743,0.003438484053968874,95.63827800081657,-167.62475814295018,47.819139000408285,48.093810464262454,0.00011662562150841507,0.019583552138499462
R0S39_Pg2TTT_CB_15mgml_7e-2mms_45C_100um_5ul,pg2tt,550,19,ROI_C,523,203,64,64,1.0,Xnorm_blank,R,True,34,0.006166489975848014,-0.0005117422561171526,0.004910320220328381,-0.0036139822474112026,-0.0008018070277609459,0.004936914502283955,0.003701859288839889,95.94975537520457,-167.49083608357486,47.97487768760229,48.127290979106284,0.00013065751028202037,0.021188311466096895
R0S39_Pg2TTT_CB_15mgml_7e-2mms_45C_100um_5ul,pg2tt,550,19,ROI_C,523,203,64,64,1.0,Xnorm_blank,B,True,34,0.005350767975441135,-0.00034100336399363763,0.003820941039721572,-0.0027797861409083885,-0.0006001964882641725,0.003836127438352843,0.0028438436689999323,95.09990272119225,-167.81604033764626,47.549951360596125,48.045989915588436,9.641869765437327e-05,0.018019599817987734
R0S39_Pg2TTT_CB_15mgml_7e-2mms_45C_100um_5ul,pg2tt,550,20,ROI_C,555,203,64,64,1.0,Afilm_PPL,G,True,34,0.49386848975677056,-0.09067939147860855,0.07751431607527104,-0.00042458966160218575,-0.0046853624252877965,0.11929468234396606,0.004704561343742709,139.47560400015232,-95.17802625585249,69.73780200007616,66.20549343603687,0.0016702525308295115,0.0033819783312126804
R0S39_Pg2TTT_CB_15mgml_7e-2mms_45C_100um_5ul,pg2tt,550,20,ROI_C,555,203,64,64,1.0,Afilm_PPL,R,True,34,0.48903728281687,-0.0902190266041604,0.07665329833567422,-0.0002451608687664489,-0.004366556701204449,0.11838581379177185,0.004373433579741186,139.6475861330513,-93.21350487953177,69.82379306652565,66.69662378011705,0.001775039045652265,0.0036296599625786304
R0S39_Pg2TTT_CB_15mgml_7e-2mms_45C_100um_5ul,pg2tt,550,20,ROI_C,555,203,64,64,1.0,Afilm_PPL,B,True,34,0.4615716919694133,-0.07152081346396044,0.06173097281987493,-0.000283525521531415,-0.002491108495569789,0.09447719176518088,0.002507191308627971,139.20189935955432,-96.49317830080344,69.60094967977716,65.87670542479914,0.0014817948635249488,0.0032103243966268447
R0S39_Pg2TTT_CB_15mgml_7e-2mms_45C_100um_5ul,pg2tt,550,20,ROI_C,555,203,64,64,1.0,Xfilm,G,True,34,0.00023644562997430984,-1.194420236303767e-05,0.00019631848268567584,-0.00012937456552125244,-2.427914872511762e-05,0.0001966814953524993,0.0001316330325816025,93.48163780512732,-169.37118194047113,46.74081890256366,47.65720451488222,4.7044030172736455e-06,0.019896341488267067
R0S39_Pg2TTT_CB_15mgml_7e-2mms_45C_100um_5ul,pg2tt,550,20,ROI_C,555,203,64,64,1.0,Xfilm,R,True,34,0.00015764818014422962,-8.738977015559544e-06,0.00013052953130203852,-8.957115557480205e-05,-1.716493857314577e-05,0.00013082174231070435,9.120102536279545e-05,93.83024738195853,-169.15166385838802,46.915123690979264,47.712084035402995,3.354126867321948e-06,0.021276026421473995
R0S39_Pg2TTT_CB_15mgml_7e-2mms_45C_100um_5ul,pg2tt,550,20,ROI_C,555,203,64,64,1.0,Xfilm,B,True,34,0.0001724035007474775,-6.115620079290599e-06,0.00012895477759238507,-8.684488975489331e-05,-1.5870299214767884e-05,0.00012909971135852984,8.82830746729283e-05,92.71519122759528,-169.64386708415677,46.35759561379764,47.58903322896081,3.0681880593472917e-06,0.017796553018054828
R0S39_Pg2TTT_CB_15mgml_7e-2mms_45C_100um_5ul,pg2tt,550,20,ROI_C,555,203,64,64,1.0,Xnorm_sample,G,True,34,0.01987856736934417,-0.004775494352337735,0.019482519435984447,-0.011492690044049519,-0.004382969502079247,0.020059259953515766,0.012300095369742128,103.77261796316517,-159.12463947986322,51.88630898158259,50.218840130034195,0.0013514972704529622,0.06798765953673265
R0S39_Pg2TTT_CB_15mgml_7e-2mms_45C_100um_5ul,pg2tt,550,20,ROI_C,555,203,64,64,1.0,Xnorm_sample,R,True,34,0.020312152531750966,-0.004918073275280094,0.019879552459987085,-0.012128141638751887,-0.004573484725646383,0.020478868395260585,0.012961812456032068,103.8956041332736,-159.3386956993457,51.9478020666368,50.16532607516358,0.001440659467213886,0.07092598703613473
R0S39_Pg2TTT_CB_15mgml_7e-2mms_45C_100um_5ul,pg2tt,550,20,ROI_C,555,203,64,64,1.0,Xnorm_sample,B,True,34,0.016138891351918812,-0.003114595946537244,0.01405248770027507,-0.008572065476183827,-0.0028791815014877088,0.014393509595528407,0.009042676188302425,102.49702474414327,-161.433852861775,51.24851237207164,49.64153678455625,0.0008149755900571797,0.05049761921284554
R0S39_Pg2TTT_CB_15mgml_7e-2mms_45C_100um_5ul,pg2tt,550,20,ROI_C,555,203,64,64,1.0,Xnorm_blank,G,True,34,0.005916870502664027,-0.0004506853231901111,0.004819556886512687,-0.00324854380492988,-0.0007268625172271757,0.004840583213092286,0.0033288685722776936,95.34229442308758,-167.38778929049033,47.67114721154379,48.15305267737742,0.0001114946374890957,0.01884351489863646
R0S39_Pg2TTT_CB_15mgml_7e-2mms_45C_100um_5ul,pg2tt,550,20,ROI_C,555,203,64,64,1.0,Xnorm_blank,R,True,34,0.006119055732420362,-0.0004937635341861883,0.004970969117210646,-0.003489135271910632,-0.0007911217734553078,0.004995431552123803,0.0035777001839346393,95.67255025034716,-167.22483544536652,47.83627512517358,48.19379113865837,0.00012637552523732233,0.02065278218452871
R0S39_Pg2TTT_CB_15mgml_7e-2mms_45C_100um_5ul,pg2tt,550,20,ROI_C,555,203,64,64,1.0,Xnorm_blank,B,True,34,0.005314124782354485,-0.00031998472317411883,0.003879775042984427,-0.002690231644038984,-0.0005892591450160134,0.0038929480612036977,0.0027540102829462527,94.71480257603432,-167.64524354055737,47.35740128801716,48.08868911486066,8.97877516891783e-05,0.016896056330935594
R0S39_Pg2TTT_CB_15mgml_7e-2mms_45C_100um_5ul,pg2tt,550,21,ROI_C,363,235,64,64,1.0,Afilm_PPL,G,True,34,0.5007692903923544,-0.09521433248073212,0.07749596409021177,-0.00033649739610467494,-0.003501141136632871,0.12276560414066634,0.003517274478372158,140.8574882079558,-95.48987948989411,70.4287441039779,66.12753012752647,0.0016151252350284705,0.0032252881037489124
R0S39_Pg2TTT_CB_15mgml_7e-2mms_45C_100um_5ul,pg2tt,550,21,ROI_C,363,235,64,64,1.0,Afilm_PPL,R,True,34,0.4945328017434829,-0.09408825441166707,0.07580467152528297,-0.00036572190606456306,-0.003614226357318645,0.12082610580206016,0.0036326828480493997,141.14243225025686,-95.77806602814144,70.57121612512843,66.05548349296464,0.0016132113506462263,0.0032620917054552562
R0S39_Pg2TTT_CB_15mgml_7e-2mms_45C_100um_5ul,pg2tt,550,21,ROI_C,363,235,64,64,1.0,Afilm_PPL,B,True,34,0.4684652141653953,-0.07533050831553532,0.061560088015261,-0.0005739715627554598,-0.0018618823264975673,0.09728478770868351,0.0019483452344427922,140.74430762315848,-107.13321641830832,70.37215381157924,63.216695895422916,0.0013240239316841367,0.0028263014875931714
R0S39_Pg2TTT_CB_15mgml_7e-2mms_45C_100um_5ul,pg2tt,550,21,ROI_C,363,235,64,64,1.0,Xfilm,G,True,34,0.00025028397844092725,-2.977031807722429e-05,0.00022012267256832601,-0.00017204456327312264,-3.5705786191428045e-05,0.000222126681911565,0.00017571065681792745,97.70218937044253,-168.27539116332542,48.85109468522126,47.931152209168644,6.624759571344833e-06,0.026468971710226573
R0S39_Pg2TTT_CB_15mgml_7e-2mms_45C_100um_5ul,pg2tt,550,21,ROI_C,363,235,64,64,1.0,Xfilm,R,True,34,0.00016677371893582393,-2.036624873850836e-05,0.0001461444463686561,-0.00011871883705196703,-2.439200090656882e-05,0.00014755671212140706,0.0001211987292804572,97.93347312352729,-168.3895696850981,48.966736561763646,47.90260757872547,4.583659350388536e-06,0.027484302395799354
R0S39_Pg2TTT_CB_15mgml_7e-2mms_45C_100um_5ul,pg2tt,550,21,ROI_C,363,235,64,64,1.0,Xfilm,B,True,34,0.00018320638904455644,-1.893943571974593e-05,0.0001451151476926509,-0.00011809948638208753,-2.3974266746403633e-05,0.00014634585171859938,0.00012050831568709519,97.43582319865146,-168.52485390597644,48.71791159932573,47.86878652350589,4.4126930604886905e-06,0.02408591239320587
R0S39_Pg2TTT_CB_15mgml_7e-2mms_45C_100um_5ul,pg2tt,550,21,ROI_C,363,235,64,64,1.0,Xnorm_sample,G,True,34,0.020089732587308777,-0.0053226493834419315,0.020787364597398092,-0.014024786091895187,-0.00483391255680471,0.021457985072327136,0.014834464450402344,104.36214067037821,-160.982502080152,52.181070335189105,49.754374479962,0.0015953737373749315,0.0794123928908521
R0S39_Pg2TTT_CB_15mgml_7e-2mms_45C_100um_5ul,pg2tt,550,21,ROI_C,363,235,64,64,1.0,Xnorm_sample,R,True,34,0.0203572862409984,-0.005376326260387912,0.020969460454806424,-0.014657816864086336,-0.0049339553895230105,0.021647705555643236,0.015465946818959936,104.38021916233416,-161.39629568582328,52.19010958116708,49.65092607854418,0.0016383884809292447,0.08048167429847025
R0S39_Pg2TTT_CB_15mgml_7e-2mms_45C_100um_5ul,pg2tt,550,21,ROI_C,363,235,64,64,1.0,Xnorm_sample,B,True,34,0.016408661136615127,-0.0035848909701653633,0.015169894786645875,-0.010757238381953423,-0.003232791172897942,0.015587724372270599,0.011232502676329026,103.29599291688096,-163.27329941744682,51.64799645844048,49.181675145638295,0.0009997166065965806,0.06092615346323629
R0S39_Pg2TTT_CB_15mgml_7e-2mms_45C_100um_5ul,pg2tt,550,21,ROI_C,363,235,64,64,1.0,Xnorm_blank,G,True,34,0.005839118194633725,-0.0006239331123764499,0.0050602210315602095,-0.003976720890843978,-0.0007989004919115376,0.005098541891263034,0.004056174434075958,97.02917970323114,-168.64080808704563,48.51458985161557,47.83979797823859,0.00013257929639207632,0.0227053626849366
R0S39_Pg2TTT_CB_15mgml_7e-2mms_45C_100um_5ul,pg2tt,550,21,ROI_C,363,235,64,64,1.0,Xnorm_blank,R,True,34,0.006015219697095048,-0.000660109233041765,0.0051848406329301775,-0.004242783255557617,-0.0008445075905015052,0.005226692700784195,0.004326014658326384,97.25559161085556,-168.74265378966547,48.62779580542778,47.81433655258363,0.00014041095851039426,0.02334261515915384
R0S39_Pg2TTT_CB_15mgml_7e-2mms_45C_100um_5ul,pg2tt,550,21,ROI_C,363,235,64,64,1.0,Xnorm_blank,B,True,34,0.005284947560566573,-0.00047232363469873907,0.004124915237390844,-0.0033713174224087937,-0.0006558662765203806,0.004151868896238679,0.003434522053403323,96.53220655701215,-168.9910169857103,48.26610327850607,47.752245753572424,0.00010939020087868659,0.020698445841582
R0S39_Pg2TTT_CB_15mgml_7e-2mms_45C_100um_5ul,pg2tt,550,22,ROI_C,395,235,64,64,1.0,Afilm_PPL,G,True,34,0.4999420061269584,-0.09651768120607737,0.07634087802451892,-0.00032412344453217057,-0.003470484614466654,0.123059304576909,0.003485587391896115,141.65768572488858,-95.33562122792279,70.82884286244429,66.1660946930193,0.0017135350689400262,0.0034274676821244203
R0S39_Pg2TTT_CB_15mgml_7e-2mms_45C_100um_5ul,pg2tt,550,22,ROI_C,395,235,64,64,1.0,Afilm_PPL,R,True,34,0.49385797361990696,-0.09529234562023085,0.0746214444438414,-0.000262105987932984,-0.003804874200724312,0.12103301658923832,0.003813891350346493,141.93624643234017,-93.94070308183608,70.96812321617008,66.51482422954098,0.0016830254414590784,0.0034079138767758254
R0S39_Pg2TTT_CB_15mgml_7e-2mms_45C_100um_5ul,pg2tt,550,22,ROI_C,395,235,64,64,1.0,Afilm_PPL,B,True,34,0.46778704957408906,-0.0764419263568251,0.060305059944210836,-0.000439298373238306,-0.0018679084518359867,0.09736564260568065,0.0019188707734420613,141.73008033024482,-103.23443078392691,70.86504016512241,64.19139230401828,0.0013554020327794464,0.0028974766060980437
R0S39_Pg2TTT_CB_15mgml_7e-2mms_45C_100um_5ul,pg2tt,550,22,ROI_C,395,235,64,64,1.0,Xfilm,G,True,34,0.0002463461694832785,-3.106487253460991e-05,0.00021859749242402154,-0.00017113397962369235,-3.877315184347224e-05,0.00022079377255634206,0.00017547135460159674,98.08814160642956,-167.23424009414413,49.04407080321478,48.19143997646397,6.75145775721094e-06,0.02740638404877991
R0S39_Pg2TTT_CB_15mgml_7e-2mms_45C_100um_5ul,pg2tt,550,22,ROI_C,395,235,64,64,1.0,Xfilm,R,True,34,0.00016392519745915573,-2.150513657569996e-05,0.00014545868464743982,-0.00011838332282146397,-2.6390702506107197e-05,0.00014703978998387767,0.00012128924231363969,98.40989407528448,-167.43278045581647,49.20494703764224,48.14180488604588,4.759659269677907e-06,0.029035555939033026
R0S39_Pg2TTT_CB_15mgml_7e-2mms_45C_100um_5ul,pg2tt,550,22,ROI_C,395,235,64,64,1.0,Xfilm,B,True,34,0.00018084095195478926,-1.9575847550159478e-05,0.00014395635401358355,-0.00011740348205790455,-2.610527414569144e-05,0.0001452812639957103,0.00012027079004289621,97.74384434310504,-167.4639322475926,48.87192217155252,48.13401693810185,4.407928681494853e-06,0.024374615425726314
R0S39_Pg2TTT_CB_15mgml_7e-2mms_45C_100um_5ul,pg2tt,550,22,ROI_C,395,235,64,64,1.0,Xnorm_sample,G,True,34,0.019703768927085183,-0.005509197070567471,0.020561960032133595,-0.013892487931786844,-0.005155157686297499,0.021287213362143214,0.014818126457330404,104.99905491744457,-159.64135913152964,52.499527458722284,50.08966021711759,0.0016757005506774247,0.08504467123997428
R0S39_Pg2TTT_CB_15mgml_7e-2mms_45C_100um_5ul,pg2tt,550,22,ROI_C,395,235,64,64,1.0,Xnorm_sample,R,True,34,0.019964019926230456,-0.005593071564389259,0.02080386710273024,-0.01456514273374844,-0.005271829644655242,0.02154259352892407,0.015489853797138655,105.0480206801694,-160.1023595801384,52.5240103400847,49.9744101049654,0.0017386212807345889,0.08708773518920156
R0S39_Pg2TTT_CB_15mgml_7e-2mms_45C_100um_5ul,pg2tt,550,22,ROI_C,395,235,64,64,1.0,Xnorm_sample,B,True,34,0.01610756509316086,-0.003735997122266176,0.014967402993983494,-0.01063760199834039,-0.0034913043952162666,0.01542662720369839,0.01119588239734376,104.01515173923059,-161.82995294106433,52.007575869615295,49.542511764733916,0.0010471571433778109,0.06501026922793036
R0S39_Pg2TTT_CB_15mgml_7e-2mms_45C_100um_5ul,pg2tt,550,22,ROI_C,395,235,64,64,1.0,Xnorm_blank,G,True,34,0.005729113701556701,-0.0006900772715019068,0.005030388612263838,-0.00395893447196608,-0.0008946677040853779,0.005077500982869154,0.004058767356483338,97.81117700714525,-167.26580218688392,48.90558850357262,48.18354945327902,0.00014334779693525937,0.025020937683832022
R0S39_Pg2TTT_CB_15mgml_7e-2mms_45C_100um_5ul,pg2tt,550,22,ROI_C,395,235,64,64,1.0,Xnorm_blank,R,True,34,0.005897244172528262,-0.0007381018702985417,0.005172353574247503,-0.004236584537057764,-0.0009415307518086917,0.00522475223029467,0.004339945701991949,98.12135476934789,-167.4703221040128,49.060677384673944,48.1324194739968,0.00015513811425365523,0.026306883298141893
R0S39_Pg2TTT_CB_15mgml_7e-2mms_45C_100um_5ul,pg2tt,550,22,ROI_C,395,235,64,64,1.0,Xnorm_blank,B,True,34,0.005193417220517532,-0.0005268975501740406,0.004090075703113191,-0.0033515579442696137,-0.0007401609252882254,0.004123874426504312,0.003432313920538196,97.34060960235679,-167.54663623287237,48.670304801178396,48.11334094178191,0.00011596397612404905,0.022329031382955986
R0S39_Pg2TTT_CB_15mgml_7e-2mms_45C_100um_5ul,pg2tt,550,23,ROI_C,427,235,64,64,1.0,Afilm_PPL,G,True,34,0.5025519197618868,-0.09686431507290402,0.08052878104977589,-0.00040995498031533295,-0.0041897688646252845,0.1259665833144075,0.0042097774555038886,140.26133729470283,-95.58841276592736,70.13066864735141,66.10289680851815,0.001744805042320399,0.0034718901146445326
R0S39_Pg2TTT_CB_15mgml_7e-2mms_45C_100um_5ul,pg2tt,550,23,ROI_C,427,235,64,64,1.0,Afilm_PPL,R,True,34,0.4968624380333214,-0.09551727658665467,0.07880535455122342,-0.0003384762753563947,-0.004596632939475508,0.12382985921204755,0.004609078060659244,140.47608335559414,-94.2114139647209,70.23804167779707,66.44714650881977,0.0017008119858825607,0.003423104375954205
R0S39_Pg2TTT_CB_15mgml_7e-2mms_45C_100um_5ul,pg2tt,550,23,ROI_C,427,235,64,64,1.0,Afilm_PPL,B,True,34,0.46931904660371915,-0.07653322900511549,0.06336498064361007,-0.0004582573331291459,-0.0023980871068446097,0.09936023306089076,0.002441479378446803,140.3772567344904,-100.81838974975578,70.1886283672452,64.79540256256105,0.0013433766069197708,0.002862395243999592
R0S39_Pg2TTT_CB_15mgml_7e-2mms_45C_100um_5ul,pg2tt,550,23,ROI_C,427,235,64,64,1.0,Xfilm,G,True,34,0.0002529672998027312,-2.4205805645458294e-05,0.0002212739860118764,-0.00016668468969330806,-3.341825168219959e-05,0.00022259402038808177,0.00017000166270848423,96.24292848653255,-168.6631944880381,48.121464243266274,47.834201377990475,6.373331449611318e-06,0.025194289654777813
R0S39_Pg2TTT_CB_15mgml_7e-2mms_45C_100um_5ul,pg2tt,550,23,ROI_C,427,235,64,64,1.0,Xfilm,R,True,34,0.00016893450873331357,-1.6894982963267156e-05,0.00014730850757255408,-0.00011546677199287224,-2.30591250818417e-05,0.00014827419483032881,0.00011774675657526184,96.54273127645212,-168.70640012296317,48.27136563822606,47.823399969259206,4.518389300315436e-06,0.026746396029137785
R0S39_Pg2TTT_CB_15mgml_7e-2mms_45C_100um_5ul,pg2tt,550,23,ROI_C,427,235,64,64,1.0,Xfilm,B,True,34,0.00018501790505433648,-1.4827039373073024e-05,0.00014555843646889722,-0.00011396830840200607,-2.221214218299767e-05,0.00014631165204398672,0.00011611268053219886,95.81626664404868,-168.9714469509934,47.90813332202434,47.75713826225165,4.113656637463357e-06,0.02223382982323478
R0S39_Pg2TTT_CB_15mgml_7e-2mms_45C_100um_5ul,pg2tt,550,23,ROI_C,427,235,64,64,1.0,Xnorm_sample,G,True,34,0.020404926223457104,-0.005254335765361676,0.021246183594242015,-0.01388040081727664,-0.004895153379073055,0.02188625965429903,0.014718289759782023,103.89094533283544,-160.5739572294769,51.94547266641772,49.85651069263078,0.001706022501378463,0.08360836410835168
R0S39_Pg2TTT_CB_15mgml_7e-2mms_45C_100um_5ul,pg2tt,550,23,ROI_C,427,235,64,64,1.0,Xnorm_sample,R,True,34,0.020777828044497498,-0.005350426653627149,0.02156369461420443,-0.014584277864439617,-0.005045584977240994,0.02221756041491759,0.015432403850008054,103.93492587326483,-160.91639794652826,51.967462936632415,49.770900513367934,0.0017711243367101062,0.08524107201348721
R0S39_Pg2TTT_CB_15mgml_7e-2mms_45C_100um_5ul,pg2tt,550,23,ROI_C,427,235,64,64,1.0,Xnorm_sample,B,True,34,0.01654973080872733,-0.0034855840131225724,0.015355721444086144,-0.01051882273545228,-0.0032353839783708176,0.01574634805219619,0.011005150668090208,102.78882194440119,-162.9031271534205,51.394410972200596,49.27421821164487,0.0010525200936224615,0.06359741470863252
R0S39_Pg2TTT_CB_15mgml_7e-2mms_45C_100um_5ul,pg2tt,550,23,ROI_C,427,235,64,64,1.0,Xnorm_blank,G,True,34,0.005889096065039338,-0.000547797341314763,0.005116725585328437,-0.0038721152443379984,-0.000780877939823038,0.005145965666685521,0.003950069217410878,96.11081779105963,-168.598257448748,48.055408895529816,47.850435637813,0.00014233494543380233,0.02416923477519844
R0S39_Pg2TTT_CB_15mgml_7e-2mms_45C_100um_5ul,pg2tt,550,23,ROI_C,427,235,64,64,1.0,Xnorm_blank,R,True,34,0.00608815883462856,-0.0005902215786101977,0.005270418288313819,-0.004152314016942367,-0.0008332618889309514,0.005303364068744468,0.004235095875047085,96.38979454428119,-168.65293462172244,48.194897272140594,47.83676634456939,0.00015611147196672426,0.02564181983116852
R0S39_Pg2TTT_CB_15mgml_7e-2mms_45C_100um_5ul,pg2tt,550,23,ROI_C,427,235,64,64,1.0,Xnorm_blank,B,True,34,0.005313060066562119,-0.00040835580329478486,0.004151552152058347,-0.003265526794456116,-0.0006381270278704948,0.004171587195941711,0.0033272918941700423,95.61766822478585,-168.94298561714706,47.80883411239292,47.764253595713235,0.00011392335404308454,0.021442135529131687
R0S39_Pg2TTT_CB_15mgml_7e-2mms_45C_100um_5ul,pg2tt,550,24,ROI_C,459,235,64,64,1.0,Afilm_PPL,G,True,34,0.5010878906695293,-0.0959489068759436,0.08121381128668045,-0.00033526403105040015,-0.003934918496700954,0.12570551250600365,0.003949175299501841,139.7544994970027,-94.86996942800458,69.87724974850136,66.28250764299885,0.0016060697401501043,0.003205165740487057
R0S39_Pg2TTT_CB_15mgml_7e-2mms_45C_100um_5ul,pg2tt,550,24,ROI_C,459,235,64,64,1.0,Afilm_PPL,R,True,34,0.49595410683497027,-0.09475288384734852,0.07962091702698328,-0.00021838532275439415,-0.004378107612596681,0.12376428978347055,0.00438355089130622,139.9596400349371,-92.85561622206848,69.97982001746855,66.78609594448288,0.0016094310557613826,0.003245120936751672
R0S39_Pg2TTT_CB_15mgml_7e-2mms_45C_100um_5ul,pg2tt,550,24,ROI_C,459,235,64,64,1.0,Afilm_PPL,B,True,34,0.4676051507949193,-0.07569969848502683,0.06403249225273026,-0.00032955957733865615,-0.0022520129137160727,0.09914940451066731,0.0022759990506499754,139.77294921287523,-98.32556842888754,69.88647460643762,65.41860789277811,0.0012335018828888605,0.002637913377962784
R0S39_Pg2TTT_CB_15mgml_7e-2mms_45C_100um_5ul,pg2tt,550,24,ROI_C,459,235,64,64,1.0,Xfilm,G,True,34,0.00025949435589718334,-1.9300605913128463e-05,0.00021733167402143317,-0.0001594648199883991,-3.026676105891056e-05,0.0002181870067661509,0.00016231175446938435,95.07496107387497,-169.2529759120522,47.53748053693749,47.68675602198695,5.5851379446758015e-06,0.021523157618756006
R0S39_Pg2TTT_CB_15mgml_7e-2mms_45C_100um_5ul,pg2tt,550,24,ROI_C,459,235,64,64,1.0,Xfilm,R,True,34,0.0001736984034329505,-1.3531601459791372e-05,0.00014459048801553122,-0.00011050812567455478,-2.1024238802029655e-05,0.000145222289827134,0.00011249028605754349,95.34649299492446,-169.22817470747893,47.67324649746223,47.69295632313027,3.941512080868601e-06,0.02269169998271382
R0S39_Pg2TTT_CB_15mgml_7e-2mms_45C_100um_5ul,pg2tt,550,24,ROI_C,459,235,64,64,1.0,Xfilm,B,True,34,0.00018957725416609308,-1.1190991150282934e-05,0.00014261480843091493,-0.00010858689103370521,-2.006029683482303e-05,0.00014305321340924947,0.00011042431079009269,94.48680850972038,-169.53320962593892,47.24340425486019,47.61669759351527,3.6043449796062415e-06,0.01901253911735556
R0S39_Pg2TTT_CB_15mgml_7e-2mms_45C_100um_5ul,pg2tt,550,24,ROI_C,459,235,64,64,1.0,Xnorm_sample,G,True,34,0.020893742884792166,-0.005049190599712988,0.02111393232911006,-0.01342000115926621,-0.004620084347035421,0.02170927138598781,0.014193012734737758,103.44914583188027,-161.0030254117592,51.724572915940136,49.7492436470602,0.001603296184999141,0.07673570952619453
R0S39_Pg2TTT_CB_15mgml_7e-2mms_45C_100um_5ul,pg2tt,550,24,ROI_C,459,235,64,64,1.0,Xnorm_sample,R,True,34,0.021364393488673163,-0.00516211878696347,0.021477240477501155,-0.01412624582254018,-0.004790896839235355,0.022088896054333163,0.01491655166461167,103.5148546307539,-161.2657036700174,51.75742731537695,49.68357408249565,0.0016708579087055622,0.07820759852196128
R0S39_Pg2TTT_CB_15mgml_7e-2mms_45C_100um_5ul,pg2tt,550,24,ROI_C,459,235,64,64,1.0,Xnorm_sample,B,True,34,0.01691814589058861,-0.003283953699285627,0.015200166536199338,-0.01010452784165813,-0.0030233666404991307,0.015550865398017113,0.010547143155647757,102.19121799424236,-163.34233863073462,51.09560899712118,49.164415342316346,0.0009785898955115204,0.05784262068564247
R0S39_Pg2TTT_CB_15mgml_7e-2mms_45C_100um_5ul,pg2tt,550,24,ROI_C,459,235,64,64,1.0,Xnorm_blank,G,True,34,0.006075459891376337,-0.0004535953841841834,0.005074819637206632,-0.0037343769517093218,-0.0007194055265651221,0.0050950508459417015,0.00380304030074758,95.10761431783405,-169.095889138455,47.553807158917024,47.72602771538625,0.00013001081527270697,0.021399337264302952
R0S39_Pg2TTT_CB_15mgml_7e-2mms_45C_100um_5ul,pg2tt,550,24,ROI_C,459,235,64,64,1.0,Xnorm_blank,R,True,34,0.00629907292413309,-0.0004907071726919661,0.005228345120102615,-0.004008026725132317,-0.0007726228232076629,0.005251322331016463,0.004081816293798174,95.36179776727644,-169.08899338435822,47.68089888363822,47.727751653910445,0.00014195448589374924,0.022535774324401864
R0S39_Pg2TTT_CB_15mgml_7e-2mms_45C_100um_5ul,pg2tt,550,24,ROI_C,459,235,64,64,1.0,Xnorm_blank,B,True,34,0.00546949727722327,-0.0003210599856732356,0.004103028108645037,-0.0031339287674562073,-0.000585985599130619,0.004115570334076648,0.0031882422495597873,94.47425026014314,-169.40906581146285,47.23712513007157,47.64773354713429,0.0001036063033580441,0.018942564204310185
R0S39_Pg2TTT_CB_15mgml_7e-2mms_45C_100um_5ul,pg2tt,550,25,ROI_C,491,235,64,64,1.0,Afilm_PPL,G,True,34,0.4967981821988655,-0.09130686047025777,0.07832758025747516,-0.00040162078753776254,-0.003209814818597681,0.12030026017397606,0.003234843184247378,139.3753606722203,-97.13193987786262,69.68768033611015,65.71701503053434,0.001531607623856866,0.0030829573833679796
R0S39_Pg2TTT_CB_15mgml_7e-2mms_45C_100um_5ul,pg2tt,550,25,ROI_C,491,235,64,64,1.0,Afilm_PPL,R,True,34,0.4916112569638719,-0.09054291744884084,0.07696255374030983,-0.00027241633731506926,-0.003637258825414602,0.11883288508816776,0.0036474460138420923,139.63506890258714,-94.2832309903952,69.81753445129357,66.42919225240121,0.0015381222101059845,0.003128736757579762
R0S39_Pg2TTT_CB_15mgml_7e-2mms_45C_100um_5ul,pg2tt,550,25,ROI_C,491,235,64,64,1.0,Afilm_PPL,B,True,34,0.46455911720925375,-0.07201568964118495,0.062085677725818675,-0.00019731043447282492,-0.0016275181136199864,0.09508359970662496,0.0016394348470473031,139.23494040131868,-96.91245917838148,69.61747020065934,65.77188520540463,0.0012081901064618825,0.0026007241311229515
R0S39_Pg2TTT_CB_15mgml_7e-2mms_45C_100um_5ul,pg2tt,550,25,ROI_C,491,235,64,64,1.0,Xfilm,G,True,34,0.00024717849021458325,-1.781881559498273e-05,0.00020245537748877742,-0.00015212394976491398,-2.997988983163688e-05,0.0002032380133324752,0.00015504995932406806,95.02984372159936,-168.85127953989183,47.51492186079968,47.78718011502704,5.350431225984709e-06,0.02164602267654363
R0S39_Pg2TTT_CB_15mgml_7e-2mms_45C_100um_5ul,pg2tt,550,25,ROI_C,491,235,64,64,1.0,Xfilm,R,True,34,0.00016523561727209218,-1.2595879642810737e-05,0.00013472935817629734,-0.00010552922767527215,-2.0882368327820976e-05,0.00013531687307417797,0.00010757551394587063,95.34107104098015,-168.80678236326185,47.67053552049008,47.79830440918454,3.834069608342983e-06,0.023203650934566975
R0S39_Pg2TTT_CB_15mgml_7e-2mms_45C_100um_5ul,pg2tt,550,25,ROI_C,491,235,64,64,1.0,Xfilm,B,True,34,0.0001809539666343995,-1.012485103969168e-05,0.00013219930753449448,-0.00010308814575224134,-1.9964309096123727e-05,0.00013258646054999657,0.0001050035210472531,94.37960658348469,-169.0396348131842,47.189803291742344,47.74009129670395,3.6009282403945556e-06,0.019899692101086688
R0S39_Pg2TTT_CB_15mgml_7e-2mms_45C_100um_5ul,pg2tt,550,25,ROI_C,491,235,64,64,1.0,Xnorm_sample,G,True,34,0.019869209424874884,-0.0047112665213187715,0.01967968275388752,-0.012755661637625829,-0.004372767917679777,0.020235759079623303,0.013484361426314883,103.4630873020448,-161.07777439039162,51.7315436510224,49.730556402402094,0.0014441401077119086,0.07268231346091014
R0S39_Pg2TTT_CB_15mgml_7e-2mms_45C_100um_5ul,pg2tt,550,25,ROI_C,491,235,64,64,1.0,Xnorm_sample,R,True,34,0.020305128597627,-0.004838668826075495,0.020036268896941562,-0.013452391922844989,-0.004555766818278625,0.020612248478004108,0.014202882093024416,103.57672501348841,-161.29089283473812,51.78836250674421,49.67727679131547,0.0015193720937387292,0.07482701162707568
R0S39_Pg2TTT_CB_15mgml_7e-2mms_45C_100um_5ul,pg2tt,550,25,ROI_C,491,235,64,64,1.0,Xnorm_sample,B,True,34,0.01618153777021728,-0.003084845420460891,0.014156245953246483,-0.009593127882179649,-0.0028993886596991787,0.014488463367691757,0.010021704304350872,102.29337221283235,-163.1832926889628,51.146686106416176,49.2041768277593,0.0008767684711299526,0.054183260177502676
R0S39_Pg2TTT_CB_15mgml_7e-2mms_45C_100um_5ul,pg2tt,550,25,ROI_C,491,235,64,64,1.0,Xnorm_blank,G,True,34,0.005866908274867709,-0.0004583216677213949,0.004797869388529753,-0.0036131167900744113,-0.0007389401670118668,0.004819710512104829,0.0036879053009996263,95.45668373022367,-168.441489465949,47.72834186511184,47.88962763351275,0.000125434466746806,0.02137999451308183
R0S39_Pg2TTT_CB_15mgml_7e-2mms_45C_100um_5ul,pg2tt,550,25,ROI_C,491,235,64,64,1.0,Xnorm_blank,R,True,34,0.006076885801063957,-0.0004985246550472007,0.004945456700907346,-0.0038837391831069677,-0.0007961409162785717,0.004970519974030816,0.003964501280233525,95.75623175343722,-168.4152364443626,47.87811587671861,47.89619088890935,0.00013984293380698589,0.02301226950150841
R0S39_Pg2TTT_CB_15mgml_7e-2mms_45C_100um_5ul,pg2tt,550,25,ROI_C,491,235,64,64,1.0,Xnorm_blank,B,True,34,0.005289425745942449,-0.0003250411512381009,0.0038532135333142546,-0.003015980430346812,-0.0006051881835531676,0.0038668987940356433,0.0030760999160864924,94.8218193112069,-168.65368304861363,47.41090965560345,47.83657923784659,0.0001031624952919019,0.01950353407485396
R0S39_Pg2TTT_CB_15mgml_7e-2mms_45C_100um_5ul,pg2tt,550,26,ROI_C,523,235,64,64,1.0,Afilm_PPL,G,True,34,0.49246145102821254,-0.08807671316176854,0.07662370437646818,-0.0007269503381391595,-0.003149592850336669,0.11674202102821778,0.0032323972399772435,138.97785515104016,-102.99671042873322,69.48892757552008,64.2508223928167,0.0016507813061252107,0.003352102591330113
R0S39_Pg2TTT_CB_15mgml_7e-2mms_45C_100um_5ul,pg2tt,550,26,ROI_C,523,235,64,64,1.0,Afilm_PPL,R,True,34,0.48772488040283857,-0.0876698004848625,0.07589068043143701,-0.0005169993107892873,-0.0034220879578285082,0.11595425517591881,0.003460921015925022,139.11915344519915,-98.59111439006854,69.55957672259957,65.35222140248287,0.0017032509713491436,0.003492237201306695
R0S39_Pg2TTT_CB_15mgml_7e-2mms_45C_100um_5ul,pg2tt,550,26,ROI_C,523,235,64,64,1.0,Afilm_PPL,B,True,34,0.4609297727079698,-0.06927645699777056,0.060541595043831394,-0.0005435709062674293,-0.001375994877209047,0.09200278378731386,0.0014794699159651522,138.84936837947447,-111.55592640325715,69.42468418973723,62.11101839918571,0.0013420620002375732,0.0029116409477088576
R0S39_Pg2TTT_CB_15mgml_7e-2mms_45C_100um_5ul,pg2tt,550,26,ROI_C,523,235,64,64,1.0,Xfilm,G,True,34,0.00023917918524815943,-1.4941828323343162e-05,0.00019425679630283657,-0.00014306334717735904,-2.7796132861415913e-05,0.00019483059601480975,0.00014573862325285996,94.39841150744475,-169.0048489728617,47.199205753722374,47.74878775678457,5.129321381364429e-06,0.021445517320401456
R0S39_Pg2TTT_CB_15mgml_7e-2mms_45C_100um_5ul,pg2tt,550,26,ROI_C,523,235,64,64,1.0,Xfilm,R,True,34,0.00015985369013435602,-1.0600656879535412e-05,0.00012934069049203505,-9.942660334716893e-05,-1.9458540994831577e-05,0.0001297743739851364,0.00010131280408123548,94.68544262364748,-168.92673936753744,47.34272131182374,47.76831515811564,3.6711308502035918e-06,0.022965568227749145
R0S39_Pg2TTT_CB_15mgml_7e-2mms_45C_100um_5ul,pg2tt,550,26,ROI_C,523,235,64,64,1.0,Xfilm,B,True,34,0.00017510194734986025,-8.333998032214004e-06,0.00012676411873828997,-9.675497616487584e-05,-1.850701024790122e-05,0.00012703777911588437,9.850905968986614e-05,93.76144865064688,-169.17142710478632,46.88072432532344,47.70714322380342,3.446362137612143e-06,0.01968203192534547
R0S39_Pg2TTT_CB_15mgml_7e-2mms_45C_100um_5ul,pg2tt,550,26,ROI_C,523,235,64,64,1.0,Xnorm_sample,G,True,34,0.019417490128903803,-0.004518734506441212,0.01901605211245695,-0.01217015191929836,-0.004212639311112123,0.01954556725918644,0.012878622896269957,103.36712650751858,-160.90695189103275,51.68356325375929,49.77326202724181,0.0013952312319684146,0.07185435515271339
R0S39_Pg2TTT_CB_15mgml_7e-2mms_45C_100um_5ul,pg2tt,550,26,ROI_C,523,235,64,64,1.0,Xnorm_sample,R,True,34,0.019885868445071165,-0.004654014210615192,0.019438842578662817,-0.01289079091731459,-0.004410616932335992,0.019988207750337262,0.013624464473795998,103.46421415266224,-161.11148740125554,51.73210707633112,49.722128149686114,0.0014842499926980503,0.07463842963274216
R0S39_Pg2TTT_CB_15mgml_7e-2mms_45C_100um_5ul,pg2tt,550,26,ROI_C,523,235,64,64,1.0,Xnorm_sample,B,True,34,0.01584754698182778,-0.0029784855267015603,0.013676148415796877,-0.009146192417539892,-0.0027992529487826357,0.013996728600772185,0.0095649700893381,102.28641331603913,-162.98292179528283,51.143206658019565,49.25426955117929,0.0008514433381478882,0.053727137649158103
R0S39_Pg2TTT_CB_15mgml_7e-2mms_45C_100um_5ul,pg2tt,550,26,ROI_C,523,235,64,64,1.0,Xnorm_blank,G,True,34,0.005808896996774797,-0.00045148510199730313,0.004706970489596777,-0.0034816312795210324,-0.0007332903440005177,0.004728573779403303,0.0035580150498759357,95.47895805424845,-168.1063729055118,47.739479027124226,47.97340677362205,0.00012351539997367483,0.021263141698155366
R0S39_Pg2TTT_CB_15mgml_7e-2mms_45C_100um_5ul,pg2tt,550,26,ROI_C,523,235,64,64,1.0,Xnorm_blank,R,True,34,0.006019361392955864,-0.0004889025808524684,0.0048580312896923175,-0.0037517578386079935,-0.0007930849981892585,0.004882570403506109,0.003834666959973106,95.74678395212068,-168.0639516550294,47.87339197606034,47.98401208624265,0.00013852547898895887,0.023013318178246363
R0S39_Pg2TTT_CB_15mgml_7e-2mms_45C_100um_5ul,pg2tt,550,26,ROI_C,523,235,64,64,1.0,Xnorm_blank,B,True,34,0.005235935647229363,-0.0003280353968475769,0.00377159077612706,-0.0028997258977982894,-0.000601732015588574,0.0037858293944856613,0.002961501595634617,94.97081094350693,-168.27674228898246,47.48540547175347,47.930814427754385,0.0001004247651264919,0.0191799082099973
R0S39_Pg2TTT_CB_15mgml_7e-2mms_45C_100um_5ul,pg2tt,550,27,ROI_C,555,235,64,64,1.0,Afilm_PPL,G,True,34,0.49475817327830857,-0.09178131415724204,0.07571754124035451,-0.0006656837854712647,-0.00406307730639429,0.11898300584501614,0.004117248122226256,140.4781275820193,-99.30452314166024,70.23906379100966,65.17386921458494,0.0017039629160159188,0.003444031868583142
R0S39_Pg2TTT_CB_15mgml_7e-2mms_45C_100um_5ul,pg2tt,550,27,ROI_C,555,235,64,64,1.0,Afilm_PPL,R,True,34,0.4898212297155856,-0.0912283374396217,0.07468898004238925,-0.0004366758630784534,-0.004010129407762755,0.11790272809299157,0.004033834859832388,140.6926853573176,-96.21463471239542,70.3463426786588,65.94634132190114,0.0017943683162157877,0.003663312668693481
R0S39_Pg2TTT_CB_15mgml_7e-2mms_45C_100um_5ul,pg2tt,550,27,ROI_C,555,235,64,64,1.0,Afilm_PPL,B,True,34,0.46282203599459026,-0.07236144996392671,0.05982113450305325,-0.0006839645097213992,-0.002045368379545425,0.0938868871254887,0.002156696376081416,140.4194965945475,-108.48976694634996,70.20974829727375,62.87755826341251,0.001408436305496354,0.0030431487612006735
R0S39_Pg2TTT_CB_15mgml_7e-2mms_45C_100um_5ul,pg2tt,550,27,ROI_C,555,235,64,64,1.0,Xfilm,G,True,34,0.000230432230401537,-1.5719115415440663e-05,0.0001916683325523369,-0.00013849495779189123,-2.6772272504507017e-05,0.0001923118308706907,0.00014105888099950783,94.68845240478845,-169.05917821742761,47.344226202394225,47.735205445643096,5.165736368350094e-06,0.022417594695546737
R0S39_Pg2TTT_CB_15mgml_7e-2mms_45C_100um_5ul,pg2tt,550,27,ROI_C,555,235,64,64,1.0,Xfilm,R,True,34,0.00015375438135494833,-1.116075449676721e-05,0.00012767374543352268,-9.61530659791085e-05,-1.8747404989990635e-05,0.00012816063246551596,9.79636529078082e-05,94.99588002806382,-168.96719334270517,47.49794001403191,47.75820166432371,3.636160656182518e-06,0.023649151331428662
R0S39_Pg2TTT_CB_15mgml_7e-2mms_45C_100um_5ul,pg2tt,550,27,ROI_C,555,235,64,64,1.0,Xfilm,B,True,34,0.00016833662532706698,-8.713931978069936e-06,0.00012557440776058313,-9.385003803496499e-05,-1.7631958522772186e-05,0.00012587638577167535,9.549196615691361e-05,93.9695385063692,-169.35965914123528,46.9847692531846,47.66008521469118,3.4034082679247583e-06,0.020217871429311886
R0S39_Pg2TTT_CB_15mgml_7e-2mms_45C_100um_5ul,pg2tt,550,27,ROI_C,555,235,64,64,1.0,Xnorm_sample,G,True,34,0.019460691387238528,-0.004901058121218015,0.019378812701821287,-0.012218527211431428,-0.004471732044614776,0.01998896576713831,0.013011102747089692,104.1929548051431,-159.898403559403,52.09647740257155,50.02539911014925,0.0014278082866864394,0.07336883660512519
R0S39_Pg2TTT_CB_15mgml_7e-2mms_45C_100um_5ul,pg2tt,550,27,ROI_C,555,235,64,64,1.0,Xnorm_sample,R,True,34,0.01989191047736056,-0.005025886432046172,0.019796703355412525,-0.012925459415418707,-0.004653135667059181,0.020424715375496113,0.013737509695563253,104.24500883424928,-160.20124028278397,52.12250441712464,49.94968992930401,0.0015106920306689215,0.07594504471113168
R0S39_Pg2TTT_CB_15mgml_7e-2mms_45C_100um_5ul,pg2tt,550,27,ROI_C,555,235,64,64,1.0,Xnorm_sample,B,True,34,0.015823831817805174,-0.003237407827545712,0.013968129004480476,-0.009210874606293912,-0.0029506138587506513,0.014338390332518604,0.009671935336649095,103.0491021988577,-162.23764616552884,51.52455109942885,49.44058845861779,0.0008727410021064053,0.05515358176830676
R0S39_Pg2TTT_CB_15mgml_7e-2mms_45C_100um_5ul,pg2tt,550,27,ROI_C,555,235,64,64,1.0,Xnorm_blank,G,True,34,0.00577633930372167,-0.0005308471310557575,0.0048052417265050705,-0.003490130890614453,-0.0007575031280461788,0.004834474813947794,0.00357138973267004,96.30404647078367,-167.7543673505834,48.15202323539184,48.06140816235415,0.0001284614068388663,0.022239241855799556
R0S39_Pg2TTT_CB_15mgml_7e-2mms_45C_100um_5ul,pg2tt,550,27,ROI_C,555,235,64,64,1.0,Xnorm_blank,R,True,34,0.005978581541678218,-0.0005712790932955528,0.0049668393315420705,-0.003758759942958564,-0.0008168748032577476,0.004999585257577859,0.003846499805405851,96.56125031841643,-167.73882038940963,48.28062515920821,48.065294902647594,0.00014213984883980425,0.02377484489006903
R0S39_Pg2TTT_CB_15mgml_7e-2mms_45C_100um_5ul,pg2tt,550,27,ROI_C,555,235,64,64,1.0,Xnorm_blank,B,True,34,0.005194960505115368,-0.00038998476252372375,0.0038636158616075127,-0.0029133222455783665,-0.0006159580310128347,0.0038832480787435986,0.0029777257769228824,95.76378636552968,-168.06187829841858,47.88189318276484,47.984530425395356,0.00010246789928370771,0.019724480900881778
R0S39_Pg2TTT_CB_15mgml_7e-2mms_45C_100um_5ul,pg2tt,550,28,ROI_C,363,267,64,64,1.0,Afilm_PPL,G,True,34,0.5009008314288759,-0.09270044950409487,0.08068042482602661,-0.00018229780407267443,-0.0036797284793478255,0.12289306037514637,0.003684241329106059,138.96581516135583,-92.83617727964763,69.48290758067792,66.79095568008809,0.0016126010117132445,0.0032194017468685364
R0S39_Pg2TTT_CB_15mgml_7e-2mms_45C_100um_5ul,pg2tt,550,28,ROI_C,363,267,64,64,1.0,Afilm_PPL,R,True,34,0.4947470299640935,-0.09163082172278984,0.07863055079913919,-0.00018172527513903025,-0.004102336672586172,0.12074340979353575,0.004106359732277452,139.36633490084103,-92.53642973346997,69.68316745042051,66.86589256663251,0.0015707089542505062,0.0031747718715185143
R0S39_Pg2TTT_CB_15mgml_7e-2mms_45C_100um_5ul,pg2tt,550,28,ROI_C,363,267,64,64,1.0,Afilm_PPL,B,True,34,0.46850023671506763,-0.07302952841624454,0.0639573100844827,-0.0003593660485914016,-0.001985884506688417,0.09707651381225914,0.002018138060387667,138.78899076753348,-100.25725338639108,69.39449538376674,64.93568665340223,0.0012119596034466538,0.0025868921901551914
R0S39_Pg2TTT_CB_15mgml_7e-2mms_45C_100um_5ul,pg2tt,550,28,ROI_C,363,267,64,64,1.0,Xfilm,G,True,34,0.0002464009989198209,-2.6403183068567668e-05,0.00021398306132289828,-0.00017215300367499225,-3.2581150412332436e-05,0.00021560584085147496,0.00017520898389213074,97.03412210596065,-169.28312941602593,48.517061052980324,47.67921764599352,6.231209285630624e-06,0.025288896098872426
R0S39_Pg2TTT_CB_15mgml_7e-2mms_45C_100um_5ul,pg2tt,550,28,ROI_C,363,267,64,64,1.0,Xfilm,R,True,34,0.00016447844221378373,-1.797976127278953e-05,0.00014243646669419673,-0.00011880854453587901,-2.246427891909658e-05,0.00014356677491590285,0.00012091366375265002,97.19439781655907,-169.29293593577196,48.59719890827954,47.67676601605701,4.335174080246887e-06,0.026357095772192887
R0S39_Pg2TTT_CB_15mgml_7e-2mms_45C_100um_5ul,pg2tt,550,28,ROI_C,363,267,64,64,1.0,Xfilm,B,True,34,0.00017992389162446682,-1.7052318598104115e-05,0.0001403938168601333,-0.00011780103496239678,-2.156815014039235e-05,0.00014142561784248245,0.00011975921233329123,96.92525789399325,-169.6246508322681,48.462628946996624,47.59383729193298,4.154829622651321e-06,0.02309215058682167
R0S39_Pg2TTT_CB_15mgml_7e-2mms_45C_100um_5ul,pg2tt,550,28,ROI_C,363,267,64,64,1.0,Xnorm_sample,G,True,34,0.019938276761044517,-0.00483588700215295,0.020768310373695132,-0.014293818410942473,-0.004396688865242329,0.021323895490170754,0.01495473562931635,103.10771960195078,-162.90243098058752,51.55385980097539,49.27439225485312,0.0016396920982561145,0.08223840594777544
R0S39_Pg2TTT_CB_15mgml_7e-2mms_45C_100um_5ul,pg2tt,550,28,ROI_C,363,267,64,64,1.0,Xnorm_sample,R,True,34,0.02023898133770729,-0.004876089657314632,0.02099563591509667,-0.014933150400865037,-0.004515007386473904,0.021554418986033188,0.01560077794838352,103.07476262103339,-163.177415907381,51.53738131051669,49.20564602315475,0.0016785972000101204,0.08293881850663026
R0S39_Pg2TTT_CB_15mgml_7e-2mms_45C_100um_5ul,pg2tt,550,28,ROI_C,363,267,64,64,1.0,Xnorm_sample,B,True,34,0.016248008602288463,-0.0032338538641564357,0.015108922138943857,-0.010910537112650876,-0.0028734061723198075,0.015451127435089885,0.011282565449296435,102.081079134739,-165.24557295260487,51.0405395673695,48.68860676184878,0.0010209282040515473,0.06283405117381091
R0S39_Pg2TTT_CB_15mgml_7e-2mms_45C_100um_5ul,pg2tt,550,28,ROI_C,363,267,64,64,1.0,Xnorm_blank,G,True,34,0.005790769791362452,-0.0005099735240493269,0.005014621561332253,-0.0040238857934913564,-0.0006852439232017241,0.005040486325604863,0.004081815296329129,95.80686271657056,-170.335579294732,47.90343135828528,47.416105176317,0.0001296864179578408,0.022395367560438417
R0S39_Pg2TTT_CB_15mgml_7e-2mms_45C_100um_5ul,pg2tt,550,28,ROI_C,363,267,64,64,1.0,Xnorm_blank,R,True,34,0.005976778877729184,-0.0005356712926090981,0.005154937032962958,-0.004293354452114902,-0.0007309167652383089,0.005182694236354143,0.0043551270669409045,95.93255416297207,-170.33838161880433,47.966277081486034,47.41540459529892,0.0001378613626481753,0.023066164140489023
R0S39_Pg2TTT_CB_15mgml_7e-2mms_45C_100um_5ul,pg2tt,550,28,ROI_C,363,267,64,64,1.0,Xnorm_blank,B,True,34,0.005231780278850888,-0.0003869773466219427,0.004083299368935745,-0.0034045886054779,-0.000551575524142063,0.004101595446061156,0.0034489794333081407,95.41379468504275,-170.79749928825785,47.70689734252137,47.30062517793554,0.0001077483186361461,0.020594962493191142
R0S39_Pg2TTT_CB_15mgml_7e-2mms_45C_100um_5ul,pg2tt,550,29,ROI_C,395,267,64,64,1.0,Afilm_PPL,G,True,34,0.49925122621170004,-0.09334765511933467,0.07924105149057299,-0.00031326733629676723,-0.003721732857753353,0.12244561632663656,0.003734893825595503,139.6727052163049,-94.81138407711867,69.83635260815245,66.29715398072034,0.0017369871228592937,0.0034791844900131925
R0S39_Pg2TTT_CB_15mgml_7e-2mms_45C_100um_5ul,pg2tt,550,29,ROI_C,395,267,64,64,1.0,Afilm_PPL,R,True,34,0.4933733168928086,-0.09231256907608804,0.07732388883424153,-0.00026037481478860536,-0.0042644226892770976,0.12041841301843198,0.004272364206969897,140.04940780359757,-93.4939971443895,70.02470390179879,66.62650071390263,0.0016629907180290456,0.0033706539471954865
R0S39_Pg2TTT_CB_15mgml_7e-2mms_45C_100um_5ul,pg2tt,550,29,ROI_C,395,267,64,64,1.0,Afilm_PPL,B,True,34,0.46697552481955656,-0.07367527778779445,0.06257504743092514,-0.0005445759731762534,-0.0020588841731067134,0.09666272869152416,0.002129687072982831,139.65756566767297,-104.81548449953596,69.82878283383648,63.79612887511601,0.001300017793339976,0.002783909914421169
R0S39_Pg2TTT_CB_15mgml_7e-2mms_45C_100um_5ul,pg2tt,550,29,ROI_C,395,267,64,64,1.0,Xfilm,G,True,34,0.00024647939400487335,-2.7242409154546284e-05,0.00021260093525035922,-0.00016998539495418767,-3.365600933293423e-05,0.00021433923235346147,0.00017328520266297908,97.30201544180792,-168.80065039145308,48.65100772090396,47.79983740213673,6.309623023474372e-06,0.025598987791046874
R0S39_Pg2TTT_CB_15mgml_7e-2mms_45C_100um_5ul,pg2tt,550,29,ROI_C,395,267,64,64,1.0,Xfilm,R,True,34,0.0001643802407664042,-1.8746543833461906e-05,0.00014152997232138917,-0.00011760013010911853,-2.30856071460452e-05,0.00014276612333110784,0.00011984463216591364,97.54526806209772,-168.89372341732104,48.77263403104886,47.77656914566974,4.368740115299564e-06,0.02657703911585584
R0S39_Pg2TTT_CB_15mgml_7e-2mms_45C_100um_5ul,pg2tt,550,29,ROI_C,395,267,64,64,1.0,Xfilm,B,True,34,0.00018057788569163236,-1.7324552226701892e-05,0.00013948163954188798,-0.00011625726055313063,-2.2478908581498538e-05,0.00014055343424886099,0.00011841052302195895,97.08025773773848,-169.05662458308996,48.54012886886924,47.73584385422751,4.19884011033476e-06,0.023252238617151377
R0S39_Pg2TTT_CB_15mgml_7e-2mms_45C_100um_5ul,pg2tt,550,29,ROI_C,395,267,64,64,1.0,Xnorm_sample,G,True,34,0.019772775731825308,-0.005016133181568868,0.020445714084310153,-0.013979926744808496,-0.004552000938198873,0.02105205017361955,0.01470234893925373,103.78462829628467,-161.96424375067545,51.89231414814233,49.50893906233114,0.0016280096648716108,0.08233591918856942
R0S39_Pg2TTT_CB_15mgml_7e-2mms_45C_100um_5ul,pg2tt,550,29,ROI_C,395,267,64,64,1.0,Xnorm_sample,R,True,34,0.02008821497639021,-0.0050864503104238075,0.020721777322285504,-0.01466440543254553,-0.0046783954377593775,0.021336917119274667,0.015392601162965232,103.79137772005468,-162.30572095179514,51.89568886002734,49.423569762051216,0.0016823370829177466,0.08374746510883418
R0S39_Pg2TTT_CB_15mgml_7e-2mms_45C_100um_5ul,pg2tt,550,29,ROI_C,395,267,64,64,1.0,Xnorm_sample,B,True,34,0.01614332364263535,-0.003373424935366935,0.014845172650637777,-0.010658296959506472,-0.0030186977174831943,0.015223637765718128,0.011077537180554311,102.80251201856237,-164.18654423080287,51.401256009281184,48.95336394229928,0.0010126180437820622,0.06272673868997826
R0S39_Pg2TTT_CB_15mgml_7e-2mms_45C_100um_5ul,pg2tt,550,29,ROI_C,395,267,64,64,1.0,Xnorm_blank,G,True,34,0.0057672645502439635,-0.0005645082085891547,0.004966197534907071,-0.003961888097043472,-0.000737112023035474,0.004998178415511156,0.004029874865054521,96.48498242933856,-169.4605847536707,48.24249121466928,47.634853811582325,0.00013782104853266147,0.02389712615193529
R0S39_Pg2TTT_CB_15mgml_7e-2mms_45C_100um_5ul,pg2tt,550,29,ROI_C,395,267,64,64,1.0,Xnorm_blank,R,True,34,0.0059515619656073555,-0.0006000687766195569,0.00511449929946068,-0.004242091644816764,-0.0007809404803351504,0.005149581111202879,0.00431337565682034,96.69174755142011,-169.56902313471943,48.345873775710054,47.60774421632014,0.0001467454570812335,0.024656629285653674
R0S39_Pg2TTT_CB_15mgml_7e-2mms_45C_100um_5ul,pg2tt,550,29,ROI_C,395,267,64,64,1.0,Xnorm_blank,B,True,34,0.005220013594417196,-0.00042925078079301265,0.004032732933330059,-0.003345247625909908,-0.0006028352734314988,0.004055513672073646,0.0033991310721343338,96.07578085306913,-169.78456796571314,48.03789042653457,47.553858008571716,0.00011352883181545159,0.021748761711103952
R0S39_Pg2TTT_CB_15mgml_7e-2mms_45C_100um_5ul,pg2tt,550,30,ROI_C,427,267,64,64,1.0,Afilm_PPL,G,True,34,0.49972407540677494,-0.09331119268660358,0.0810183103992624,-5.8450953689816176e-05,-0.0039281552639973474,0.12357566629619154,0.003928590115048568,139.03354755411334,-90.85249833342407,69.51677377705667,67.28687541664398,0.0017659029765378501,0.0035337560534718544
R0S39_Pg2TTT_CB_15mgml_7e-2mms_45C_100um_5ul,pg2tt,550,30,ROI_C,427,267,64,64,1.0,Afilm_PPL,R,True,34,0.49410837233976157,-0.09233352610501909,0.07909256338415406,-0.00011820112917736852,-0.004529633664486735,0.12157760330612982,0.004531175635681134,139.41676030149583,-91.49479841648004,69.70838015074791,67.12630039588,0.001677134417272156,0.003394264317617191
R0S39_Pg2TTT_CB_15mgml_7e-2mms_45C_100um_5ul,pg2tt,550,30,ROI_C,427,267,64,64,1.0,Afilm_PPL,B,True,34,0.4670588929412592,-0.07352287173956114,0.06378085599783669,-0.0002892802989511514,-0.0022159768993259346,0.09733247279633214,0.0022347788950380417,139.05846623085927,-97.43750523795836,69.52923311542963,65.64062369051041,0.0013477485362728236,0.002885607268459485
R0S39_Pg2TTT_CB_15mgml_7e-2mms_45C_100um_5ul,pg2tt,550,30,ROI_C,427,267,64,64,1.0,Xfilm,G,True,34,0.0002490527048377121,-2.244469818406055e-05,0.00021486094664209974,-0.00016728644624897324,-3.06652505909346e-05,0.00021603006936191267,0.00017007384482164043,95.96357429240726,-169.61244485335195,47.98178714620363,47.596888786662014,6.078508384664863e-06,0.024406514132095977
R0S39_Pg2TTT_CB_15mgml_7e-2mms_45C_100um_5ul,pg2tt,550,30,ROI_C,427,267,64,64,1.0,Xfilm,R,True,34,0.00016651401358684192,-1.562813642521922e-05,0.0001432309139430107,-0.00011599747298795725,-2.1241862890271967e-05,0.0001440809958220563,0.00011792637736588447,96.22699359841172,-169.62277439965393,48.11349679920586,47.594306400086516,4.300271163885538e-06,0.025825280680160535
R0S39_Pg2TTT_CB_15mgml_7e-2mms_45C_100um_5ul,pg2tt,550,30,ROI_C,427,267,64,64,1.0,Xfilm,B,True,34,0.00018223031410593218,-1.387088501194856e-05,0.00014071581925427377,-0.00011393378669147692,-2.0176856229855963e-05,0.000141397819075883,0.000115706582687327,95.62967235523297,-169.95744902829807,47.814836177616485,47.51063774292548,3.917899187333219e-06,0.021499711423182844
R0S39_Pg2TTT_CB_15mgml_7e-2mms_45C_100um_5ul,pg2tt,550,30,ROI_C,427,267,64,64,1.0,Xnorm_sample,G,True,34,0.020030476251071284,-0.004801426344453479,0.02082887294598302,-0.013927536935906598,-0.004423652185960091,0.02137511738309559,0.01461317842782302,102.98093948937526,-162.37915624516603,51.49046974468763,49.40521093870849,0.0016548663068082694,0.08261742187169141
R0S39_Pg2TTT_CB_15mgml_7e-2mms_45C_100um_5ul,pg2tt,550,30,ROI_C,427,267,64,64,1.0,Xnorm_sample,R,True,34,0.020432143730834604,-0.004899490783518052,0.021194157093453268,-0.01466248809071749,-0.004583073586326205,0.021753098741093272,0.015362067585716227,103.01651244632005,-162.64225148492224,51.508256223160025,49.33943712876944,0.0017289535867421558,0.0846192944526097
R0S39_Pg2TTT_CB_15mgml_7e-2mms_45C_100um_5ul,pg2tt,550,30,ROI_C,427,267,64,64,1.0,Xnorm_sample,B,True,34,0.01628851147319777,-0.0031781412776196623,0.015044419757689699,-0.010529760910393444,-0.002885593578717114,0.015376447828613542,0.010917990434671721,101.92838426668833,-164.67480743443056,50.96419213334416,48.83129814139236,0.0010163562379637049,0.06239712201901873
R0S39_Pg2TTT_CB_15mgml_7e-2mms_45C_100um_5ul,pg2tt,550,30,ROI_C,427,267,64,64,1.0,Xnorm_blank,G,True,34,0.005832822613216816,-0.0004758543469447394,0.0050468452534692815,-0.003911713905243186,-0.0006865083465820227,0.005069229169407477,0.003971498380510771,95.38635083988984,-170.04592391426368,47.69317541994492,47.48851902143408,0.0001393366797486733,0.023888379428693166
R0S39_Pg2TTT_CB_15mgml_7e-2mms_45C_100um_5ul,pg2tt,550,30,ROI_C,427,267,64,64,1.0,Xnorm_blank,R,True,34,0.006039281722702798,-0.0005123641614567507,0.00521437115520112,-0.004201187472402424,-0.0007346703942111967,0.005239483140362104,0.004264940417684812,95.6118692098151,-170.08086610229446,47.80593460490755,47.479783474426384,0.00015270658409608897,0.025285553991752127
R0S39_Pg2TTT_CB_15mgml_7e-2mms_45C_100um_5ul,pg2tt,550,30,ROI_C,427,267,64,64,1.0,Xnorm_blank,B,True,34,0.00526564685840602,-0.0003525477516264056,0.004084088890104767,-0.003286331223689058,-0.0005541291018833306,0.004099277006918906,0.003332721406500647,94.93367052467225,-170.42902405441376,47.466835262336126,47.39274398639656,0.0001109894314084618,0.021078024100724013
R0S39_Pg2TTT_CB_15mgml_7e-2mms_45C_100um_5ul,pg2tt,550,31,ROI_C,459,267,64,64,1.0,Afilm_PPL,G,True,34,0.49754450656790417,-0.09265436846622786,0.08111095938096508,5.98429159517494e-05,-0.0036061115767930182,0.12314146226018305,0.0036066080850114886,138.8006331725345,-89.04927184031988,69.40031658626725,67.73768203992003,0.001835644253357308,0.0036894071366921875
R0S39_Pg2TTT_CB_15mgml_7e-2mms_45C_100um_5ul,pg2tt,550,31,ROI_C,459,267,64,64,1.0,Afilm_PPL,R,True,34,0.49241978912865814,-0.09178200996983334,0.0793921007300755,4.9420422390811236e-05,-0.004323679038272646,0.12135502878923905,0.0043239614711682575,139.13995814306648,-89.34512754186062,69.56997907153324,67.66371811453484,0.0017734260845504476,0.0036014516956861986
R0S39_Pg2TTT_CB_15mgml_7e-2mms_45C_100um_5ul,pg2tt,550,31,ROI_C,459,267,64,64,1.0,Afilm_PPL,B,True,34,0.4649706553556256,-0.0728938186232932,0.06385695769464197,-7.119191033413269e-05,-0.002038573699159378,0.09690830634935718,0.0020398164169849633,138.78076293732187,-92.00009398629538,69.39038146866093,66.99997650342615,0.0013638064500624332,0.0029331021954846033
R0S39_Pg2TTT_CB_15mgml_7e-2mms_45C_100um_5ul,pg2tt,550,31,ROI_C,459,267,64,64,1.0,Xfilm,G,True,34,0.0002520948650329761,-1.992202951627426e-05,0.00021204895491492784,-0.00015988899747216168,-2.9279173218549437e-05,0.00021298273765861964,0.00016254772067615943,95.36719223893047,-169.62286424234566,47.683596119465236,47.594283939413586,6.080197852997023e-06,0.024118689716599317
R0S39_Pg2TTT_CB_15mgml_7e-2mms_45C_100um_5ul,pg2tt,550,31,ROI_C,459,267,64,64,1.0,Xfilm,R,True,34,0.00016890169976715316,-1.3956143636280726e-05,0.0001414844394522654,-0.00011101789078536044,-2.024601524407953e-05,0.00014217109605091412,0.0001128488954651029,95.63347957857589,-169.66470997773348,47.81673978928794,47.58382250556663,4.338615416477448e-06,0.025687221601507947
R0S39_Pg2TTT_CB_15mgml_7e-2mms_45C_100um_5ul,pg2tt,550,31,ROI_C,459,267,64,64,1.0,Xfilm,B,True,34,0.0001842650049661648,-1.1737954077027939e-05,0.00013863631953812578,-0.00010853793197488927,-1.9218844338508017e-05,0.00013913234225366772,0.00011022634283642677,94.83953321686548,-169.9587003328716,47.41976660843274,47.5103249167821,3.9678212320046564e-06,0.02153323259183156
R0S39_Pg2TTT_CB_15mgml_7e-2mms_45C_100um_5ul,pg2tt,550,31,ROI_C,459,267,64,64,1.0,Xnorm_sample,G,True,34,0.020282098906262012,-0.004782450029648921,0.020770406951396,-0.013434883406251343,-0.004348476436311864,0.02131388357884804,0.014121095547326603,102.9665352584351,-162.06475885676358,51.48326762921755,49.483810285809106,0.0016211300334108931,0.07992910599752805
R0S39_Pg2TTT_CB_15mgml_7e-2mms_45C_100um_5ul,pg2tt,550,31,ROI_C,459,267,64,64,1.0,Xnorm_sample,R,True,34,0.02077138868523443,-0.004913482312942096,0.021205823138285017,-0.014184761135237343,-0.0045256296149821145,0.021767619148905997,0.014889216630694275,103.04547789461479,-162.30478452176416,51.522738947307396,49.42380386955896,0.001712669593456547,0.08245330244056161
R0S39_Pg2TTT_CB_15mgml_7e-2mms_45C_100um_5ul,pg2tt,550,31,ROI_C,459,267,64,64,1.0,Xnorm_sample,B,True,34,0.01646604487672964,-0.0031254294548360047,0.014966199964811768,-0.010105054790490911,-0.002831948990037247,0.015289063106151673,0.010494382659356209,101.7956984884251,-164.3444329915077,50.89784924421255,48.91389175212308,0.0010028890020118795,0.060906490262776405
R0S39_Pg2TTT_CB_15mgml_7e-2mms_45C_100um_5ul,pg2tt,550,31,ROI_C,459,267,64,64,1.0,Xnorm_blank,G,True,34,0.005946419114041822,-0.00045218066427003606,0.0050566075136217435,-0.0037753927432397872,-0.0006773896002884913,0.005076785094915439,0.003835680778725812,95.11000987506395,-169.82809122208965,47.555004937531976,47.54297719447759,0.0001479775758206396,0.024885157429674187
R0S39_Pg2TTT_CB_15mgml_7e-2mms_45C_100um_5ul,pg2tt,550,31,ROI_C,459,267,64,64,1.0,Xnorm_blank,R,True,34,0.006173285534452227,-0.0004907580339554613,0.005232537586177854,-0.00406140089526552,-0.0007248688825112665,0.005255501216692448,0.004125580217241776,95.35807881183409,-169.88054104042,47.679039405917045,47.529864739895,0.0001638256942107356,0.026537844923891805
R0S39_Pg2TTT_CB_15mgml_7e-2mms_45C_100um_5ul,pg2tt,550,31,ROI_C,459,267,64,64,1.0,Xnorm_blank,B,True,34,0.00535658711144703,-0.0003236986276990133,0.004081313220072273,-0.0031580301405924995,-0.0005468747589167522,0.004094129749032257,0.0032050314149522684,94.53477142364598,-170.1755448925862,47.26738571182299,47.45611377685345,0.0001190801514773992,0.02223060112299756
R0S39_Pg2TTT_CB_15mgml_7e-2mms_45C_100um_5ul,pg2tt,550,32,ROI_C,491,267,64,64,1.0,Afilm_PPL,G,True,34,0.4951634212239737,-0.09021977515231236,0.08071710559506551,-0.00014165201212840844,-0.0034572149235253535,0.12105725490105397,0.003460115651244398,138.18189392054134,-92.34626007339773,69.09094696027067,66.91343498165057,0.0020171971873522627,0.00407380089256586
R0S39_Pg2TTT_CB_15mgml_7e-2mms_45C_100um_5ul,pg2tt,550,32,ROI_C,491,267,64,64,1.0,Afilm_PPL,R,True,34,0.4900994129837952,-0.08960284827194756,0.07918161790565831,-7.244233921928356e-05,-0.004049554001413179,0.1195759132626773,0.004050201908901956,138.53311842507526,-91.02485301416824,69.26655921253763,67.24378674645794,0.0019014594877345416,0.0038797424305291556
R0S39_Pg2TTT_CB_15mgml_7e-2mms_45C_100um_5ul,pg2tt,550,32,ROI_C,491,267,64,64,1.0,Afilm_PPL,B,True,34,0.46314539459550985,-0.07106021252352823,0.06372830405266179,-6.081148434856215e-05,-0.001982883369287234,0.0954507754882982,0.0019838156398275944,138.11357247293586,-91.7566084389801,69.05678623646793,67.06084789025498,0.0015116465626071815,0.0032638704394850372
R0S39_Pg2TTT_CB_15mgml_7e-2mms_45C_100um_5ul,pg2tt,550,32,ROI_C,491,267,64,64,1.0,Xfilm,G,True,34,0.00024372155128762015,-1.6375808523964202e-05,0.0002013472820888115,-0.00015337742092159484,-2.5998259843529537e-05,0.00020201211624396438,0.000155565236359065,94.6496981681596,-170.37951442228626,47.3248490840798,47.405121394428434,5.360452349473881e-06,0.021994166290012447
R0S39_Pg2TTT_CB_15mgml_7e-2mms_45C_100um_5ul,pg2tt,550,32,ROI_C,491,267,64,64,1.0,Xfilm,R,True,34,0.0001633086653490596,-1.157025939440446e-05,0.00013452861234587282,-0.00010670689440274095,-1.8092487023158722e-05,0.00013502525112792766,0.00010822984523577992,94.9156805699814,-170.37684159764123,47.4578402849907,47.40578960058969,3.8816762367887565e-06,0.02376895435844155
R0S39_Pg2TTT_CB_15mgml_7e-2mms_45C_100um_5ul,pg2tt,550,32,ROI_C,491,267,64,64,1.0,Xfilm,B,True,34,0.0001782064183633148,-9.074304660592085e-06,0.0001312423823911167,-0.00010392262060471405,-1.688163391561212e-05,0.000131555714207971,0.0001052848547370992,93.95522556483546,-170.77322490368832,46.97761278241773,47.30669377407792,3.6164743699563588e-06,0.020293737918516522
R0S39_Pg2TTT_CB_15mgml_7e-2mms_45C_100um_5ul,pg2tt,550,32,ROI_C,491,267,64,64,1.0,Xnorm_sample,G,True,34,0.019752240698335737,-0.004519686816542738,0.02003298971768826,-0.013028066373471151,-0.004061449214040606,0.020536510072274545,0.01364646046232505,102.7137652261677,-162.68533476764594,51.35688261308385,49.328666308088515,0.001528359826875042,0.07737652908039139
R0S39_Pg2TTT_CB_15mgml_7e-2mms_45C_100um_5ul,pg2tt,550,32,ROI_C,491,267,64,64,1.0,Xnorm_sample,R,True,34,0.020244755645885126,-0.004656714968963922,0.020491665175687436,-0.01378607689097562,-0.004241815673390645,0.021014122298460478,0.014423900868035475,102.80298545366789,-162.89747657710583,51.40149272683394,49.27563085572354,0.0016184141901688638,0.0799423919160948
R0S39_Pg2TTT_CB_15mgml_7e-2mms_45C_100um_5ul,pg2tt,550,32,ROI_C,491,267,64,64,1.0,Xnorm_sample,B,True,34,0.016057912371058213,-0.0029431154399164727,0.014414911365105807,-0.009788041387087821,-0.002629463565982046,0.014712294116028653,0.010135079320862323,101.53956891298753,-164.9630548687488,50.76978445649377,48.7592362828128,0.0009435699959724561,0.0587604399694152
R0S39_Pg2TTT_CB_15mgml_7e-2mms_45C_100um_5ul,pg2tt,550,32,ROI_C,491,267,64,64,1.0,Xnorm_blank,G,True,34,0.005836089730266844,-0.00042451062679663403,0.004903880411083301,-0.00368327865341741,-0.0006318745270037156,0.00492222026716296,0.0037370853691876694,94.94754790396445,-170.26554085844765,47.473773951982224,47.43361478538809,0.00013628224082997857,0.023351635616540745
R0S39_Pg2TTT_CB_15mgml_7e-2mms_45C_100um_5ul,pg2tt,550,32,ROI_C,491,267,64,64,1.0,Xnorm_blank,R,True,34,0.006061012283371678,-0.0004633407098366747,0.005081753426730831,-0.003971252308887274,-0.0006809981737881244,0.0051028327920364484,0.004029218710065919,95.20967153886913,-170.26944924461276,47.604835769434565,47.43263768884681,0.00015354226672678576,0.025332776031933565
R0S39_Pg2TTT_CB_15mgml_7e-2mms_45C_100um_5ul,pg2tt,550,32,ROI_C,491,267,64,64,1.0,Xnorm_blank,B,True,34,0.0052548847318889865,-0.0002977823999168955,0.003942817112983034,-0.0030737442056816013,-0.0005051518943173084,0.003954046173748118,0.0031149770269287033,94.31908061947642,-170.667199976572,47.15954030973821,47.333200005857,0.00011180384391986858,0.02127617437926217
R0S39_Pg2TTT_CB_15mgml_7e-2mms_45C_100um_5ul,pg2tt,550,33,ROI_C,523,267,64,64,1.0,Afilm_PPL,G,True,34,0.49307739914504456,-0.08982440578615163,0.07977022191058128,-0.0004651595768972727,-0.003030646047479532,0.12013206140951137,0.0030661358249566444,138.39273044020794,-98.72596305423727,69.19636522010397,65.31850923644069,0.0019819272775318192,0.004019505418346689
R0S39_Pg2TTT_CB_15mgml_7e-2mms_45C_100um_5ul,pg2tt,550,33,ROI_C,523,267,64,64,1.0,Afilm_PPL,R,True,34,0.4883457514129019,-0.08933726813914025,0.0785579977642642,-0.0003444454782946457,-0.0034205766171487365,0.11896430763592407,0.0034378753731487007,138.67348184797373,-95.75019109767334,69.33674092398687,66.06245222558167,0.0018345776948796592,0.003756718860700697
R0S39_Pg2TTT_CB_15mgml_7e-2mms_45C_100um_5ul,pg2tt,550,33,ROI_C,523,267,64,64,1.0,Afilm_PPL,B,True,34,0.4612295102592894,-0.07064116804467965,0.06282284261457492,-0.0003886541442048308,-0.0015424173902661743,0.0945350949483435,0.0015906298908303922,138.35255694906476,-104.14281964932056,69.17627847453238,63.96429508766986,0.0015383924318104487,0.003335416311376684
R0S39_Pg2TTT_CB_15mgml_7e-2mms_45C_100um_5ul,pg2tt,550,33,ROI_C,523,267,64,64,1.0,Xfilm,G,True,34,0.00023740587187004396,-1.3252333317700753e-05,0.00019529301772570039,-0.00014974411420140823,-2.3703193033349908e-05,0.00019574214444205461,0.00015160851261700526,93.88206657722098,-171.00520508376405,46.94103328861049,47.24869872905899,4.862980567785113e-06,0.020483825901169303
R0S39_Pg2TTT_CB_15mgml_7e-2mms_45C_100um_5ul,pg2tt,550,33,ROI_C,523,267,64,64,1.0,Xfilm,R,True,34,0.0001591478411938495,-9.51197349790292e-06,0.000130515285102325,-0.00010423694320258102,-1.67009737902046e-05,0.00013086144308071033,0.00010556639073947353,94.16835530860682,-170.8973629942772,47.08417765430341,47.2756592514307,3.4568207469039406e-06,0.021720814427966743
R0S39_Pg2TTT_CB_15mgml_7e-2mms_45C_100um_5ul,pg2tt,550,33,ROI_C,523,267,64,64,1.0,Xfilm,B,True,34,0.0001734374684179858,-6.901495757350096e-06,0.00012724081079496492,-0.00010137142202402388,-1.5310691648327116e-05,0.00012742784066070015,0.00010252113187983689,93.1046602598662,-171.41121443652966,46.5523301299331,47.147196390867585,3.388985251156532e-06,0.019540098587284206
R0S39_Pg2TTT_CB_15mgml_7e-2mms_45C_100um_5ul,pg2tt,550,33,ROI_C,523,267,64,64,1.0,Xnorm_sample,G,True,34,0.019574352669069008,-0.004391584962043381,0.019797579995578112,-0.012968449487824229,-0.003932132041957518,0.02027881140895985,0.013551470197496562,102.50708128123783,-163.13229931484332,51.253540640618915,49.21692517128917,0.0014667071123751537,0.07493004428278664
R0S39_Pg2TTT_CB_15mgml_7e-2mms_45C_100um_5ul,pg2tt,550,33,ROI_C,523,267,64,64,1.0,Xnorm_sample,R,True,34,0.020099890698177223,-0.0045336875760093286,0.020298594613315683,-0.013749561696071978,-0.0041226950455025505,0.020798732324653582,0.014354339457888719,102.59035960156365,-163.3090653348007,51.295179800781824,49.17273366629983,0.0015495509402272654,0.07709250579609846
R0S39_Pg2TTT_CB_15mgml_7e-2mms_45C_100um_5ul,pg2tt,550,33,ROI_C,523,267,64,64,1.0,Xnorm_sample,B,True,34,0.01590623294166116,-0.0028531568154164973,0.014227595258857164,-0.009742780055082653,-0.0025307055576369404,0.014510856992721432,0.010066093275008476,101.33950436760603,-165.43909999778958,50.66975218380301,48.640225000552604,0.0008907730082717388,0.05600150654669778
R0S39_Pg2TTT_CB_15mgml_7e-2mms_45C_100um_5ul,pg2tt,550,33,ROI_C,523,267,64,64,1.0,Xnorm_blank,G,True,34,0.005821985190075668,-0.0004066506941518256,0.004883189760522364,-0.0036912791686385957,-0.0006130865523478506,0.004900092552628433,0.0037418467394449784,94.76035820721393,-170.5697982346209,47.38017910360696,47.35755044134478,0.00012566022269178348,0.021583741381617384
R0S39_Pg2TTT_CB_15mgml_7e-2mms_45C_100um_5ul,pg2tt,550,33,ROI_C,523,267,64,64,1.0,Xnorm_blank,R,True,34,0.006051262725886843,-0.0004448140730206095,0.005063427812602288,-0.003983126264602823,-0.0006659657018388788,0.005082928365911876,0.004038416169217159,95.02045463764384,-170.50813055088938,47.51022731882192,47.372967362277656,0.00013836848674976377,0.022866051763868692
R0S39_Pg2TTT_CB_15mgml_7e-2mms_45C_100um_5ul,pg2tt,550,33,ROI_C,523,267,64,64,1.0,Xnorm_blank,B,True,34,0.005235994989123581,-0.0002845428561231893,0.00391953912782916,-0.0030778323252108374,-0.0004885749102033436,0.003929853891883834,0.003116369244007031,94.15216032954552,-170.98013107010286,47.07608016477276,47.254967232474286,0.00010363785996754909,0.019793345899496936
R0S39_Pg2TTT_CB_15mgml_7e-2mms_45C_100um_5ul,pg2tt,550,34,ROI_C,555,267,64,64,1.0,Afilm_PPL,G,True,34,0.49623723358490857,-0.09147585989160303,0.0777406682983402,-7.362708606949847e-05,-0.0033500059216367006,0.120047675739186,0.0033508149192105563,139.6404864479308,-91.25905516150625,69.8202432239654,67.18523620962344,0.0016897488794207108,0.003405123124700359
R0S39_Pg2TTT_CB_15mgml_7e-2mms_45C_100um_5ul,pg2tt,550,34,ROI_C,555,267,64,64,1.0,Afilm_PPL,R,True,34,0.4914072695568621,-0.09082978229104412,0.07650546089222902,-9.970987131260184e-05,-0.0035594657066513463,0.11875662043596077,0.003560861998907588,139.8927363790143,-91.60458384681826,69.94636818950715,67.09885403829543,0.0017675376780935375,0.003596889561043447
R0S39_Pg2TTT_CB_15mgml_7e-2mms_45C_100um_5ul,pg2tt,550,34,ROI_C,555,267,64,64,1.0,Afilm_PPL,B,True,34,0.4642683219875568,-0.07202075422030702,0.06134760811689428,-8.695801909412715e-05,-0.001614272622751798,0.09460717763534594,0.0016166130636768785,139.57549091999087,-93.08344239659054,69.78774545999543,66.72913940085236,0.001345879399442965,0.002898925762753501
R0S39_Pg2TTT_CB_15mgml_7e-2mms_45C_100um_5ul,pg2tt,550,34,ROI_C,555,267,64,64,1.0,Xfilm,G,True,34,0.0002252824658872729,-1.3457826466441294e-05,0.0001858576228386626,-0.00014338083131721935,-2.4184024585552436e-05,0.00018634422196687347,0.00014540608596056603,94.14152110720956,-170.426041749942,47.07076055360478,47.3934895625145,4.886856272112431e-06,0.021692128729031195
R0S39_Pg2TTT_CB_15mgml_7e-2mms_45C_100um_5ul,pg2tt,550,34,ROI_C,555,267,64,64,1.0,Xfilm,R,True,34,0.0001507980777761091,-9.607287519813193e-06,0.00012411217977870446,-9.962054292813799e-05,-1.6900415302960185e-05,0.00012448346533941692,0.0001010439340619194,94.42633040308861,-170.37156335622493,47.21316520154431,47.40710916094377,3.406864378528985e-06,0.022592226679407364
R0S39_Pg2TTT_CB_15mgml_7e-2mms_45C_100um_5ul,pg2tt,550,34,ROI_C,555,267,64,64,1.0,Xfilm,B,True,34,0.00016423926839923383,-6.943530094692836e-06,0.00012133842788805459,-9.715138341702417e-05,-1.565552509178957e-05,0.00012153693550736142,9.840470906283547e-05,93.27515010458575,-170.84573079500996,46.637575052292874,47.28856730124751,3.3896874948260635e-06,0.02063871513326323
R0S39_Pg2TTT_CB_15mgml_7e-2mms_45C_100um_5ul,pg2tt,550,34,ROI_C,555,267,64,64,1.0,Xnorm_sample,G,True,34,0.019285120899786047,-0.0045633809475711575,0.01949892557765454,-0.01281393468699394,-0.0041157005008346705,0.020025796971795302,0.01345867425770894,103.17200356106268,-162.1935301897119,51.58600178053134,49.45161745257202,0.0014029274910293003,0.07274662669976407
R0S39_Pg2TTT_CB_15mgml_7e-2mms_45C_100um_5ul,pg2tt,550,34,ROI_C,555,267,64,64,1.0,Xnorm_sample,R,True,34,0.019773330565468067,-0.004685333328370395,0.019972215189969934,-0.013572684483664332,-0.004279827651494924,0.020514427313293546,0.014231468259445441,103.20242697554852,-162.49855370889156,51.60121348777426,49.37536157277711,0.0014734619449419447,0.07451764081872304
R0S39_Pg2TTT_CB_15mgml_7e-2mms_45C_100um_5ul,pg2tt,550,34,ROI_C,555,267,64,64,1.0,Xnorm_sample,B,True,34,0.015640178467403117,-0.0029686794403713003,0.014023694508257379,-0.009650680963537446,-0.002666173633091026,0.014334471224311396,0.010012198804547073,101.95250144107555,-164.55623140581315,50.97625072053778,48.86094214854671,0.0008444922438646188,0.05399505162749224
R0S39_Pg2TTT_CB_15mgml_7e-2mms_45C_100um_5ul,pg2tt,550,34,ROI_C,555,267,64,64,1.0,Xnorm_blank,G,True,34,0.005702012730291813,-0.00045936985487698935,0.004804679364768614,-0.003653693959398749,-0.000662317978854985,0.004826589319778827,0.0037132391054255395,95.46138286789473,-169.7253644195707,47.730691433947364,47.568658895107326,0.00012211388448613418,0.021415926312474017
R0S39_Pg2TTT_CB_15mgml_7e-2mms_45C_100um_5ul,pg2tt,550,34,ROI_C,555,267,64,64,1.0,Xnorm_blank,R,True,34,0.005919058770998553,-0.0004956909660003114,0.004979179634451483,-0.003935503697967857,-0.0007108145303502327,0.005003792498286747,0.003999180747762684,95.68521952011322,-169.76184911572054,47.84260976005661,47.559537721069866,0.00013221306553787225,0.02233683945889101
R0S39_Pg2TTT_CB_15mgml_7e-2mms_45C_100um_5ul,pg2tt,550,34,ROI_C,555,267,64,64,1.0,Xnorm_blank,B,True,34,0.005117148377999308,-0.00032468209523505917,0.0038581279750960996,-0.003048750376124282,-0.000529892364945555,0.003871765738676006,0.0030944571049451542,94.81041155088283,-170.14012331683327,47.40520577544142,47.46496917079168,9.945667462539918e-05,0.01943595675934818
R0S39_Pg2TTT_CB_15mgml_7e-2mms_45C_100um_5ul,pg2tt,550,35,ROI_C,363,299,64,64,1.0,Afilm_PPL,G,True,34,0.5035065525747144,-0.09521009473143728,0.08464857932668797,0.00032149065698221235,-0.0033172450645752097,0.12739836781056438,0.0033327872810870246,138.36061724162212,-84.46446973525727,69.18030862081106,68.88388256618569,0.0020843078328287848,0.004139584325499634
R0S39_Pg2TTT_CB_15mgml_7e-2mms_45C_100um_5ul,pg2tt,550,35,ROI_C,363,299,64,64,1.0,Afilm_PPL,R,True,34,0.49750586235198185,-0.09405970641212613,0.08223255855683613,0.0002263882953521465,-0.003812526011935269,0.12493767268978098,0.003819241580727186,138.8381249141074,-86.60175940377061,69.4190624570537,68.34956014905734,0.0018791649705752838,0.0037771715124876475
R0S39_Pg2TTT_CB_15mgml_7e-2mms_45C_100um_5ul,pg2tt,550,35,ROI_C,363,299,64,64,1.0,Afilm_PPL,B,True,34,0.47032886944323876,-0.0750600293191233,0.06713605686472031,9.471659457862408e-05,-0.0017493511575958007,0.10070381389366843,0.0017519134413179034,138.18954699029285,-86.90081242107432,69.09477349514643,68.27479689473142,0.001563349138323596,0.003323948921466203
R0S39_Pg2TTT_CB_15mgml_7e-2mms_45C_100um_5ul,pg2tt,550,35,ROI_C,363,299,64,64,1.0,Xfilm,G,True,34,0.0002484223235809724,-2.5508257634421894e-05,0.00021364349509601005,-0.0001700149358051739,-3.26663070062417e-05,0.00021516090305718396,0.00017312471230377088,96.8086764504037,-169.12385653832914,48.40433822520185,47.719035865417716,5.927634632501498e-06,0.023861118933251935
R0S39_Pg2TTT_CB_15mgml_7e-2mms_45C_100um_5ul,pg2tt,550,35,ROI_C,363,299,64,64,1.0,Xfilm,R,True,34,0.0001661290764540242,-1.7315043595101412e-05,0.0001422478298303735,-0.00011739855708843469,-2.244412459113301e-05,0.0001432977872339666,0.0001195247252040713,96.94015646757619,-169.17685562368627,48.470078233788094,47.705786094078434,4.0640723944045025e-06,0.02446334173816877
R0S39_Pg2TTT_CB_15mgml_7e-2mms_45C_100um_5ul,pg2tt,550,35,ROI_C,363,299,64,64,1.0,Xfilm,B,True,34,0.00018060280957740314,-1.6696405837625093e-05,0.00013960970240925002,-0.00011583267689910031,-2.15009798998767e-05,0.0001406045482005971,0.00011781129476525699,96.81980932513997,-169.48438121837822,48.409904662569986,47.628904695405446,3.866873250613087e-06,0.021410925102717682
R0S39_Pg2TTT_CB_15mgml_7e-2mms_45C_100um_5ul,pg2tt,550,35,ROI_C,363,299,64,64,1.0,Xnorm_sample,G,True,34,0.020617946614287622,-0.004901890041362402,0.02173497256537773,-0.014623096675498909,-0.004473899523755193,0.022280878761739415,0.015292178828723007,102.70928794243379,-162.98864105740662,51.354643971216895,49.252839735648344,0.001748039440401336,0.08478242149997683
R0S39_Pg2TTT_CB_15mgml_7e-2mms_45C_100um_5ul,pg2tt,550,35,ROI_C,363,299,64,64,1.0,Xnorm_sample,R,True,34,0.02096618256559893,-0.00493011135534825,0.02199616291732965,-0.015282986740538997,-0.004578158542568484,0.02254189834645347,0.015953971898946782,102.63320545480825,-163.32393174215852,51.316602727404124,49.16901706446037,0.0017838808518019786,0.08508372213851968
R0S39_Pg2TTT_CB_15mgml_7e-2mms_45C_100um_5ul,pg2tt,550,35,ROI_C,363,299,64,64,1.0,Xnorm_sample,B,True,34,0.016694070352209982,-0.00326479002211621,0.015764432517051515,-0.011082530728951694,-0.0028945741317648486,0.016098949856222945,0.011454302543692514,101.70046348042993,-165.36228640727234,50.850231740214966,48.659428398181916,0.0010876013327696693,0.06514896066438
R0S39_Pg2TTT_CB_15mgml_7e-2mms_45C_100um_5ul,pg2tt,550,35,ROI_C,363,299,64,64,1.0,Xnorm_blank,G,True,34,0.005929531557036328,-0.00046021068199448385,0.00517763275571096,-0.004053894516052656,-0.0006631164284571373,0.005198045288840113,0.004107771189461695,95.07935159570835,-170.71010690916617,47.53967579785417,47.32247327270846,0.00013659152531431807,0.023035803752354568
R0S39_Pg2TTT_CB_15mgml_7e-2mms_45C_100um_5ul,pg2tt,550,35,ROI_C,363,299,64,64,1.0,Xnorm_blank,R,True,34,0.006131873157604898,-0.0004799011636424785,0.0053317315720554275,-0.004328551715469397,-0.000703378366511308,0.005353285597025256,0.00438532793300218,95.143247684526,-170.77025931865384,47.571623842263,47.30743517033654,0.00014473942179212747,0.023604438325508032
R0S39_Pg2TTT_CB_15mgml_7e-2mms_45C_100um_5ul,pg2tt,550,35,ROI_C,363,299,64,64,1.0,Xnorm_blank,B,True,34,0.005336850710581686,-0.0003522053030653926,0.00421828028171129,-0.003419508069950365,-0.0005301431940517199,0.00423295843478077,0.0034603594100403832,94.77284038160514,-171.18731264032297,47.38642019080257,47.20317183991926,0.00011135974368273215,0.020866190512143515
R0S39_Pg2TTT_CB_15mgml_7e-2mms_45C_100um_5ul,pg2tt,550,36,ROI_C,395,299,64,64,1.0,Afilm_PPL,G,True,34,0.5007413657023316,-0.09376193472763997,0.08386099713866169,-6.765658867799451e-05,-0.0033916694739321573,0.1257933513543575,0.0033923442093034693,138.19044107079168,-91.14277731734023,69.09522053539584,67.21430567066494,0.0020605190735665563,0.004114936801101685
R0S39_Pg2TTT_CB_15mgml_7e-2mms_45C_100um_5ul,pg2tt,550,36,ROI_C,395,299,64,64,1.0,Afilm_PPL,R,True,34,0.4950998805275923,-0.09287822081387383,0.08169873863351591,-8.591703991662342e-05,-0.004102439118069574,0.12369740415974076,0.004103338696137025,138.66407871165597,-91.1997653389505,69.33203935582799,67.20005866526238,0.0018050887829445174,0.0036459083387726096
R0S39_Pg2TTT_CB_15mgml_7e-2mms_45C_100um_5ul,pg2tt,550,36,ROI_C,395,299,64,64,1.0,Afilm_PPL,B,True,34,0.4679011493360292,-0.0740142647812757,0.06625790666026951,-0.0003050118189657225,-0.0018771156585939731,0.09933892281534853,0.0019017348409932086,138.16495052741317,-99.2293070779581,69.08247526370658,65.19267323051048,0.0015364726134231795,0.0032837547323835664
R0S39_Pg2TTT_CB_15mgml_7e-2mms_45C_100um_5ul,pg2tt,550,36,ROI_C,395,299,64,64,1.0,Xfilm,G,True,34,0.0002478095777417239,-2.2353280968493555e-05,0.0002121819810398478,-0.00016829683424938872,-3.0434306433721463e-05,0.0002133561863364893,0.00017102652258193135,96.01390283894445,-169.7495776324194,48.00695141947222,47.56260559189515,5.791910318769352e-06,0.023372423084605177
R0S39_Pg2TTT_CB_15mgml_7e-2mms_45C_100um_5ul,pg2tt,550,36,ROI_C,395,299,64,64,1.0,Xfilm,R,True,34,0.0001658702605553474,-1.5359996942973677e-05,0.00014150004090844094,-0.00011661083878233093,-2.093946170840815e-05,0.0001423312723303583,0.00011847594176944392,96.19526699828937,-169.82005704290253,48.097633499144685,47.54498573927437,3.957273125644439e-06,0.023857640836503897
R0S39_Pg2TTT_CB_15mgml_7e-2mms_45C_100um_5ul,pg2tt,550,36,ROI_C,395,299,64,64,1.0,Xfilm,B,True,34,0.00018057142813738617,-1.4249560258460073e-05,0.00013857936716232726,-0.00011443302983368895,-2.0082340385210905e-05,0.00013931005337257821,0.00011618183469142419,95.8708618855935,-170.046279047744,47.93543094279675,47.488430238064,3.7563054468457404e-06,0.020802324403091415
R0S39_Pg2TTT_CB_15mgml_7e-2mms_45C_100um_5ul,pg2tt,550,36,ROI_C,395,299,64,64,1.0,Xnorm_sample,G,True,34,0.020320960149826938,-0.004661118832701629,0.021326948155690577,-0.014346529222006483,-0.004277034589988445,0.021830362947236573,0.01497050184869711,102.3284440711034,-163.39945542898536,51.1642220355517,49.15013614275366,0.0016715608735607408,0.08225796720007439
R0S39_Pg2TTT_CB_15mgml_7e-2mms_45C_100um_5ul,pg2tt,550,36,ROI_C,395,299,64,64,1.0,Xnorm_sample,R,True,34,0.020727607091809503,-0.0047285511849908795,0.021679459645519154,-0.015074759575418595,-0.0044090385437803884,0.022189145247863248,0.01570630437554346,102.30419947574546,-163.6969526172995,51.15209973787273,49.075761845675125,0.0017322569905084929,0.0835724540103532
R0S39_Pg2TTT_CB_15mgml_7e-2mms_45C_100um_5ul,pg2tt,550,36,ROI_C,395,299,64,64,1.0,Xnorm_sample,B,True,34,0.016484698930598847,-0.003087114452166466,0.015437469461721939,-0.010838682678876173,-0.002775392844991715,0.01574311719521812,0.011188380028288349,101.30857834966412,-165.6372399560357,50.65428917483206,48.590690010991075,0.0010215421796681042,0.06196911353412417
R0S39_Pg2TTT_CB_15mgml_7e-2mms_45C_100um_5ul,pg2tt,550,36,ROI_C,395,299,64,64,1.0,Xnorm_blank,G,True,34,0.0058918865135415294,-0.0004171044375816135,0.0051230579254239895,-0.003998686939354984,-0.0006336517562180817,0.005140009593288696,0.004048581453685524,94.65458872335651,-170.99549965257543,47.327294361678256,47.25112508685614,0.0001403474277625833,0.023820456727433128
R0S39_Pg2TTT_CB_15mgml_7e-2mms_45C_100um_5ul,pg2tt,550,36,ROI_C,395,299,64,64,1.0,Xnorm_blank,R,True,34,0.006103459153840068,-0.0004421081993398945,0.0052911153789361315,-0.004288880017900083,-0.0006727421566219438,0.005309553805465955,0.00434132166710081,94.77635179501428,-171.08537731048875,47.38817589750714,47.22865567237781,0.00014886081671468715,0.024389581864677493
R0S39_Pg2TTT_CB_15mgml_7e-2mms_45C_100um_5ul,pg2tt,550,36,ROI_C,395,299,64,64,1.0,Xnorm_blank,B,True,34,0.00530819359700965,-0.00031149813137465714,0.004160714062423634,-0.003361191122400843,-0.0005103499884451794,0.004172358157577042,0.003399715116301987,94.28154748993316,-171.36637907153906,47.14077374496658,47.158405232115236,0.00011283075180626973,0.021255960191161175
R0S39_Pg2TTT_CB_15mgml_7e-2mms_45C_100um_5ul,pg2tt,550,37,ROI_C,427,299,64,64,1.0,Afilm_PPL,G,True,34,0.49954581958793093,-0.09251375735109915,0.08343773565576211,-2.4619373077135187e-05,-0.0035361037235894927,0.12458190490829271,0.003536189426135736,137.95284370942665,-90.39890328183391,68.97642185471332,67.40027417954153,0.0019117055224210158,0.003826887239280935
R0S39_Pg2TTT_CB_15mgml_7e-2mms_45C_100um_5ul,pg2tt,550,37,ROI_C,427,299,64,64,1.0,Afilm_PPL,R,True,34,0.4942446235382971,-0.09182594356594014,0.0814549237880951,-0.00012454626160113974,-0.004221258757624406,0.12274733610591963,0.004223095697483016,138.4251194192061,-91.68999485009121,69.21255970960306,67.07750128747719,0.0016497799044502134,0.0033379825007222165
R0S39_Pg2TTT_CB_15mgml_7e-2mms_45C_100um_5ul,pg2tt,550,37,ROI_C,427,299,64,64,1.0,Afilm_PPL,B,True,34,0.4665615990555423,-0.07286224421275944,0.06555073630007983,-0.00018171287365986027,-0.0020054467697172215,0.09800921212417943,0.0020136624132716394,138.02377385581954,-95.17741361730315,69.01188692790977,66.20564659567421,0.0014898737553495208,0.003193305575002893
R0S39_Pg2TTT_CB_15mgml_7e-2mms_45C_100um_5ul,pg2tt,550,37,ROI_C,427,299,64,64,1.0,Xfilm,G,True,34,0.00024797192842741664,-1.983972105920983e-05,0.0002099710011972169,-0.00016184337498681233,-2.720527173305047e-05,0.00021090622531226745,0.00016411399951616273,95.39773293253187,-170.45799846521922,47.69886646626593,47.385500383695195,4.907648830783193e-06,0.019791146691947245
R0S39_Pg2TTT_CB_15mgml_7e-2mms_45C_100um_5ul,pg2tt,550,37,ROI_C,427,299,64,64,1.0,Xfilm,R,True,34,0.00016626460662334122,-1.3889860562190263e-05,0.00014025344977534548,-0.00011238803380363801,-1.886342321715658e-05,0.00014093955583980832,0.00011396007580603499,95.65578835547232,-170.47217324912967,47.82789417773616,47.38195668771758,3.426771916425725e-06,0.020610350966507523
R0S39_Pg2TTT_CB_15mgml_7e-2mms_45C_100um_5ul,pg2tt,550,37,ROI_C,427,299,64,64,1.0,Xfilm,B,True,34,0.00018054682769619009,-1.2208335438975657e-05,0.00013668099204080714,-0.00010939548369442981,-1.763863205271391e-05,0.00013722513268147978,0.00011080836247066052,95.10410965770517,-170.84061411047225,47.55205482885258,47.28984647238194,3.1802326869207687e-06,0.01761444778557818
R0S39_Pg2TTT_CB_15mgml_7e-2mms_45C_100um_5ul,pg2tt,550,37,ROI_C,427,299,64,64,1.0,Xnorm_sample,G,True,34,0.02027912307224338,-0.004537484161281715,0.021111592903335107,-0.013835288335299033,-0.004061464810301993,0.021593705504846353,0.014419108839528984,102.12996749029988,-163.63995660288182,51.06498374514994,49.090010849279544,0.001575681943971129,0.0776997081323556
R0S39_Pg2TTT_CB_15mgml_7e-2mms_45C_100um_5ul,pg2tt,550,37,ROI_C,427,299,64,64,1.0,Xnorm_sample,R,True,34,0.02076127571742392,-0.004653609658238649,0.021557609203991617,-0.014596457085625243,-0.004220100356822806,0.022054174150107644,0.01519426886935187,102.18143674150043,-163.87445976515323,51.09071837075022,49.03138505871169,0.0016537680871869084,0.07965638092842847
R0S39_Pg2TTT_CB_15mgml_7e-2mms_45C_100um_5ul,pg2tt,550,37,ROI_C,427,299,64,64,1.0,Xnorm_sample,B,True,34,0.016405565607452082,-0.0029684193356952996,0.01518672522410532,-0.010359383902087509,-0.002593454933242262,0.01547411181247591,0.010679084385919442,101.05967742063548,-165.94497175926992,50.52983871031774,48.51375706018252,0.000943404053548597,0.057505122107009775
R0S39_Pg2TTT_CB_15mgml_7e-2mms_45C_100um_5ul,pg2tt,550,37,ROI_C,427,299,64,64,1.0,Xnorm_blank,G,True,34,0.005905438392722385,-0.00038677031190963596,0.005102058313413713,-0.0038569902936902733,-0.0005798156364503233,0.005116697206953785,0.0039003282295075213,94.33511372860559,-171.45082675013913,47.167556864302796,47.13729331246522,0.00012337280385635077,0.020891387841332636
R0S39_Pg2TTT_CB_15mgml_7e-2mms_45C_100um_5ul,pg2tt,550,37,ROI_C,427,299,64,64,1.0,Xnorm_blank,R,True,34,0.006132336327935315,-0.0004204012062691215,0.0052868339123786565,-0.004148123922453262,-0.0006214801604953204,0.005303522413576617,0.004194421255181498,94.54650885270314,-171.47920971408453,47.27325442635157,47.13019757147887,0.00013321782735445663,0.0217238292567012
R0S39_Pg2TTT_CB_15mgml_7e-2mms_45C_100um_5ul,pg2tt,550,37,ROI_C,427,299,64,64,1.0,Xnorm_blank,B,True,34,0.005308456819625689,-0.0002803715118047238,0.004121079119341107,-0.003218556173829821,-0.00046033434860164697,0.004130605438976342,0.0032513092065505796,93.89203601923596,-171.86046657389616,46.94601800961798,47.03488335652596,9.783879856915574e-05,0.018430742092317483
R0S39_Pg2TTT_CB_15mgml_7e-2mms_45C_100um_5ul,pg2tt,550,38,ROI_C,459,299,64,64,1.0,Afilm_PPL,G,True,34,0.49703212123415125,-0.091491181992019,0.08245253239559287,-4.118862486381797e-05,-0.0033471649865039546,0.1231627235844638,0.003347418400752465,137.97458929928652,-90.70501910438702,68.98729464964326,67.32374522390325,0.0019016299245548905,0.0038259698786252266
R0S39_Pg2TTT_CB_15mgml_7e-2mms_45C_100um_5ul,pg2tt,550,38,ROI_C,459,299,64,64,1.0,Afilm_PPL,R,True,34,0.49217659551346205,-0.09086204580517844,0.08059451886667236,-0.00023385153893117766,-0.0041192498774750355,0.12145529152430022,0.004125882462617976,138.42701517906602,-93.24921775551195,69.21350758953301,66.68769556112201,0.0017446987481730158,0.003544863295153883
R0S39_Pg2TTT_CB_15mgml_7e-2mms_45C_100um_5ul,pg2tt,550,38,ROI_C,459,299,64,64,1.0,Afilm_PPL,B,True,34,0.4642670758099657,-0.07199722679947139,0.06467830220217308,-1.657284965082828e-05,-0.0018514474535664405,0.09678266085704684,0.0018515216263017848,138.0652403539765,-90.51285764425336,69.03262017698825,67.37178558893666,0.0014790256102859105,0.003185721511055678
R0S39_Pg2TTT_CB_15mgml_7e-2mms_45C_100um_5ul,pg2tt,550,38,ROI_C,459,299,64,64,1.0,Xfilm,G,True,34,0.0002494687547108,-1.8935464832603107e-05,0.00020519361463417943,-0.0001527198831384882,-2.4988040020214436e-05,0.00020606545395836462,0.0001547506537946943,95.27237754701406,-170.7075998644503,47.63618877350703,47.32310003388743,4.665016240695317e-06,0.01869980161404781
R0S39_Pg2TTT_CB_15mgml_7e-2mms_45C_100um_5ul,pg2tt,550,38,ROI_C,459,299,64,64,1.0,Xfilm,R,True,34,0.00016725620601741042,-1.3183107463715998e-05,0.00013695836463734317,-0.00010615655171156615,-1.7146552100225483e-05,0.00013759138042237725,0.00010753240311746114,95.49814173876047,-170.8247508033436,47.74907086938023,47.2938122991641,3.327467312089559e-06,0.019894432448436358
R0S39_Pg2TTT_CB_15mgml_7e-2mms_45C_100um_5ul,pg2tt,550,38,ROI_C,459,299,64,64,1.0,Xfilm,B,True,34,0.00018161638749771415,-1.1311148603561355e-05,0.00013341832395274723,-0.00010308757364497711,-1.6095972805976867e-05,0.00013389694264281037,0.00010433660997262335,94.84592377224895,-171.12555890496532,47.422961886124476,47.21861027375867,3.1002138992042926e-06,0.017070121946860056
R0S39_Pg2TTT_CB_15mgml_7e-2mms_45C_100um_5ul,pg2tt,550,38,ROI_C,459,299,64,64,1.0,Xnorm_sample,G,True,34,0.020402435643336228,-0.004624066097925903,0.020817173210219832,-0.013142420034437026,-0.003923092576371684,0.02132455597995611,0.013715460609266986,102.52363439101292,-163.3793146650172,51.26181719550646,49.1551713337457,0.0015007551747468722,0.07355764776856366
R0S39_Pg2TTT_CB_15mgml_7e-2mms_45C_100um_5ul,pg2tt,550,38,ROI_C,459,299,64,64,1.0,Xnorm_sample,R,True,34,0.02092419822690584,-0.004750913080086561,0.02129298643156609,-0.013901541784803559,-0.004070244272747936,0.021816563576085836,0.014485156279256247,102.57787286058766,-163.68045196270236,51.28893643029383,49.07988700932441,0.0015814198059727657,0.07557851386934787
R0S39_Pg2TTT_CB_15mgml_7e-2mms_45C_100um_5ul,pg2tt,550,38,ROI_C,459,299,64,64,1.0,Xnorm_sample,B,True,34,0.016496223390062677,-0.0030171492127137618,0.014945496799292529,-0.00980731080552178,-0.0024907715074221582,0.015247001801975446,0.010118660382594642,101.41329243437062,-165.74982512580127,50.70664621718531,48.56254371854968,0.000910322943902507,0.05518371825612532
R0S39_Pg2TTT_CB_15mgml_7e-2mms_45C_100um_5ul,pg2tt,550,38,ROI_C,459,299,64,64,1.0,Xnorm_blank,G,True,34,0.005989863150592567,-0.0004076835002172442,0.005073737992368924,-0.003677356278847135,-0.0005530948576142153,0.005090090672233376,0.0037187179407822445,94.59394378410416,-171.44650977776107,47.29697189205208,47.138372555559734,0.00012228611435988453,0.0204155105492471
R0S39_Pg2TTT_CB_15mgml_7e-2mms_45C_100um_5ul,pg2tt,550,38,ROI_C,459,299,64,64,1.0,Xnorm_blank,R,True,34,0.006223345075994954,-0.00044102589374924936,0.005259473092546782,-0.003960251806535367,-0.0005873629459972071,0.00527793151245646,0.004003572105195204,94.79324544138335,-171.5637021025019,47.396622720691674,47.10907447437452,0.00013487223807914447,0.021671984505199537
R0S39_Pg2TTT_CB_15mgml_7e-2mms_45C_100um_5ul,pg2tt,550,38,ROI_C,459,299,64,64,1.0,Xnorm_blank,B,True,34,0.005376489423274192,-0.0002933964320818083,0.004087084323961231,-0.0030591938327682814,-0.0004368144824224172,0.004097601705574612,0.003090222289496575,94.10600535739665,-171.87381100214643,47.05300267869833,47.031547249463394,9.865733772294428e-05,0.018349768768728247
R0S39_Pg2TTT_CB_15mgml_7e-2mms_45C_100um_5ul,pg2tt,550,39,ROI_C,491,299,64,64,1.0,Afilm_PPL,G,True,34,0.49626618461924227,-0.09156549717539578,0.08260137587338666,-7.031713128806405e-05,-0.0037150377111116253,0.12331758823928529,0.0037157031224162793,137.94633251009526,-91.08434803128303,68.97316625504763,67.22891299217925,0.002212189874404836,0.004457667967237522
R0S39_Pg2TTT_CB_15mgml_7e-2mms_45C_100um_5ul,pg2tt,550,39,ROI_C,491,299,64,64,1.0,Afilm_PPL,R,True,34,0.4913176574574162,-0.09095579409980768,0.08078932840585569,-0.0001806592245233718,-0.004418604992984722,0.12165472479355584,0.0044222966702195474,138.38767488283145,-92.34129302649033,69.19383744141572,66.91467674337741,0.002002788817933726,0.0040763623849672794
R0S39_Pg2TTT_CB_15mgml_7e-2mms_45C_100um_5ul,pg2tt,550,39,ROI_C,491,299,64,64,1.0,Afilm_PPL,B,True,34,0.4638216850111689,-0.0720768078453631,0.06486165644338923,-1.521628443287154e-05,-0.002132597696813652,0.09696443010587776,0.0021326519809305115,138.01606866406715,-90.40880381931377,69.00803433203357,67.39779904517155,0.001680540508381528,0.0036232469560741583
R0S39_Pg2TTT_CB_15mgml_7e-2mms_45C_100um_5ul,pg2tt,550,39,ROI_C,491,299,64,64,1.0,Xfilm,G,True,34,0.00024164796184593525,-1.7203954822670857e-05,0.00019824279678611368,-0.00014830772351474028,-2.405279177150055e-05,0.00019898789545879636,0.00015024552454608362,94.9598301548303,-170.78788532660397,47.47991507741515,47.30302866834901,4.5020454613411865e-06,0.018630595550319224
R0S39_Pg2TTT_CB_15mgml_7e-2mms_45C_100um_5ul,pg2tt,550,39,ROI_C,491,299,64,64,1.0,Xfilm,R,True,34,0.000162089643771444,-1.2033406492781789e-05,0.00013265563009368168,-0.0001034658011373481,-1.6659049163929364e-05,0.00013320029679911462,0.00010479835840336183,95.18320693464474,-170.85329663308715,47.59160346732237,47.28667584172821,3.329000141832226e-06,0.020538018616342295
R0S39_Pg2TTT_CB_15mgml_7e-2mms_45C_100um_5ul,pg2tt,550,39,ROI_C,491,299,64,64,1.0,Xfilm,B,True,34,0.00017603187478138846,-9.74798761691952e-06,0.00012871637784403388,-0.00010000942016803273,-1.5336678980561506e-05,0.0001290849688688335,0.00010117854438812068,94.33087417204342,-171.28147884182442,47.16543708602171,47.179630289543894,3.056349673665543e-06,0.01736247858576012
R0S39_Pg2TTT_CB_15mgml_7e-2mms_45C_100um_5ul,pg2tt,550,39,ROI_C,491,299,64,64,1.0,Xnorm_sample,G,True,34,0.020059298483770055,-0.004642232694236678,0.020539729020059124,-0.012958941607591059,-0.0039509036974952816,0.021057796480280146,0.01354783405625551,102.73558067905897,-163.04465917318595,51.367790339529485,49.23883520670351,0.0014944070298181149,0.0744994662177612
R0S39_Pg2TTT_CB_15mgml_7e-2mms_45C_100um_5ul,pg2tt,550,39,ROI_C,491,299,64,64,1.0,Xnorm_sample,R,True,34,0.02058560163456876,-0.004775360395604222,0.021053757104663298,-0.013746562119182449,-0.0041145279179581355,0.02158853295455867,0.014349122275742122,102.77946169097729,-163.33686257358946,51.38973084548864,49.165784356602636,0.0015699395220307322,0.07626396108424238
R0S39_Pg2TTT_CB_15mgml_7e-2mms_45C_100um_5ul,pg2tt,550,39,ROI_C,491,299,64,64,1.0,Xnorm_sample,B,True,34,0.01621864521037174,-0.0030152568273233513,0.01472810914383425,-0.009663726784312331,-0.002490365567980419,0.015033594802555181,0.00997945569778322,101.57017135709567,-165.54915995783753,50.78508567854784,48.61271001054062,0.0008988699757673348,0.05542201361782611
R0S39_Pg2TTT_CB_15mgml_7e-2mms_45C_100um_5ul,pg2tt,550,39,ROI_C,491,299,64,64,1.0,Xnorm_blank,G,True,34,0.005894679566151498,-0.0004283288530151654,0.005017133300897557,-0.003635070326627903,-0.0005614309381026782,0.005035384013687586,0.003678170873924911,94.87969310644169,-171.22013026937444,47.439846553220846,47.19496743265639,0.00012223135507237793,0.020735877782656828
R0S39_Pg2TTT_CB_15mgml_7e-2mms_45C_100um_5ul,pg2tt,550,39,ROI_C,491,299,64,64,1.0,Xnorm_blank,R,True,34,0.00612893677103509,-0.00046451259836335955,0.0052139581095525635,-0.003928979569132446,-0.0006020405912201175,0.005234608975100931,0.0039748375222311725,95.0910518139484,-171.28828420369987,47.5455259069742,47.17792894907503,0.00013844828383791988,0.022589282446121347
R0S39_Pg2TTT_CB_15mgml_7e-2mms_45C_100um_5ul,pg2tt,550,39,ROI_C,491,299,64,64,1.0,Xnorm_blank,B,True,34,0.005289528975677031,-0.0003033402836677924,0.004031694555297577,-0.0030188045358854687,-0.0004369607329536549,0.004043089946428571,0.003050264825884152,94.3027647689923,-171.7638509027866,47.15138238449615,47.05903727430335,9.832837385916511e-05,0.018589249495129263
R0S39_Pg2TTT_CB_15mgml_7e-2mms_45C_100um_5ul,pg2tt,550,40,ROI_C,523,299,64,64,1.0,Afilm_PPL,G,True,34,0.4953130581517135,-0.09245285291637645,0.0810572301129451,-0.000441514579537311,-0.0028876932909497888,0.12295448168310122,0.00292125104476497,138.7576186776771,-98.6929314537806,69.37880933883855,65.32676713655485,0.0020762904921253047,0.00419187513422097
R0S39_Pg2TTT_CB_15mgml_7e-2mms_45C_100um_5ul,pg2tt,550,40,ROI_C,523,299,64,64,1.0,Afilm_PPL,R,True,34,0.4908105162059465,-0.09207069688272333,0.07971252430124902,-0.00044984180421486775,-0.0034331435621671666,0.12178300273415636,0.0034624893309971585,139.11479875558203,-97.46488917998417,69.55739937779101,65.63377770500395,0.0018262432505096015,0.0037208722922708933
R0S39_Pg2TTT_CB_15mgml_7e-2mms_45C_100um_5ul,pg2tt,550,40,ROI_C,523,299,64,64,1.0,Afilm_PPL,B,True,34,0.46265810622198184,-0.07266425913332633,0.06337674565667559,-0.00041482108249938504,-0.001427199587323371,0.09641942981280353,0.0014862621547163078,138.90552029747133,-106.20671062743938,69.45276014873566,63.448322343140156,0.0016304101551661188,0.0035240064601404163
R0S39_Pg2TTT_CB_15mgml_7e-2mms_45C_100um_5ul,pg2tt,550,40,ROI_C,523,299,64,64,1.0,Xfilm,G,True,34,0.00023755177775205706,-1.4589485043577452e-05,0.00019362001825003945,-0.00014637905571181526,-2.4355154992962048e-05,0.0001941689072456823,0.00014839137955357758,94.30915791447458,-170.55342795115504,47.15457895723729,47.36164301221124,4.573758968352615e-06,0.019253734879949868
R0S39_Pg2TTT_CB_15mgml_7e-2mms_45C_100um_5ul,pg2tt,550,40,ROI_C,523,299,64,64,1.0,Xfilm,R,True,34,0.0001596356429112975,-1.0515037429911618e-05,0.00012973891216941223,-0.00010221704542903681,-1.707410610972126e-05,0.00013016432438673394,0.00010363324503115684,94.63356200121423,-170.51699171177387,47.316781000607115,47.37075207205653,3.2497823728262216e-06,0.02035749844584824
R0S39_Pg2TTT_CB_15mgml_7e-2mms_45C_100um_5ul,pg2tt,550,40,ROI_C,523,299,64,64,1.0,Xfilm,B,True,34,0.00017270528929901578,-7.583756822417099e-06,0.00012564534850746122,-9.833852219228001e-05,-1.5688592154302212e-05,0.00012587401228650395,9.95821111984757e-05,93.454093169122,-170.9356138302276,46.727046584561,47.2660965424431,3.1933718789548874e-06,0.018490295655830793
R0S39_Pg2TTT_CB_15mgml_7e-2mms_45C_100um_5ul,pg2tt,550,40,ROI_C,523,299,64,64,1.0,Xnorm_sample,G,True,34,0.020098218391096732,-0.004637593444869307,0.020498631780541107,-0.013048078124387904,-0.00403215799916708,0.021016688079573922,0.013656889868135322,102.7479436152521,-162.82764102082606,51.37397180762605,49.293089744793484,0.0014753001333815674,0.07340452295819927
R0S39_Pg2TTT_CB_15mgml_7e-2mms_45C_100um_5ul,pg2tt,550,40,ROI_C,523,299,64,64,1.0,Xnorm_sample,R,True,34,0.020694824904869777,-0.004814851671421599,0.021085172928857664,-0.013873292580493225,-0.0042287510725084335,0.021627929028402684,0.014503467952776315,102.86307939207502,-163.04813053987868,51.43153969603751,49.23796736503033,0.0015593038066207866,0.0753475235336982
R0S39_Pg2TTT_CB_15mgml_7e-2mms_45C_100um_5ul,pg2tt,550,40,ROI_C,523,299,64,64,1.0,Xnorm_sample,B,True,34,0.016208739180710387,-0.00297994978192212,0.014655299024783111,-0.009702240931673722,-0.0025580833061949024,0.014955196093952981,0.01003380632151518,101.49360086749641,-165.22958788706885,50.746800433748206,48.69260302823279,0.0008750150916349454,0.053984155203280385
R0S39_Pg2TTT_CB_15mgml_7e-2mms_45C_100um_5ul,pg2tt,550,40,ROI_C,523,299,64,64,1.0,Xnorm_blank,G,True,34,0.005931889270000348,-0.0004253245014433217,0.00503322955289826,-0.0036789013671055977,-0.000601803441855429,0.005051168247415288,0.0037277986334458136,94.8302070018465,-170.70970379250448,47.41510350092325,47.32257405187388,0.00012326438157594518,0.020779953223091435
R0S39_Pg2TTT_CB_15mgml_7e-2mms_45C_100um_5ul,pg2tt,550,40,ROI_C,523,299,64,64,1.0,Xnorm_blank,R,True,34,0.006178652673131513,-0.0004695603507362993,0.005235225966039634,-0.003978446953083318,-0.0006505449666911644,0.005256241797946439,0.004031283779664382,95.12528551484381,-170.71333458677435,47.562642757421905,47.32166635330641,0.00013440130858768349,0.021752526914223295
R0S39_Pg2TTT_CB_15mgml_7e-2mms_45C_100um_5ul,pg2tt,550,40,ROI_C,523,299,64,64,1.0,Xnorm_blank,B,True,34,0.0053104887059171905,-0.0002923797901923102,0.004036554442788932,-0.0030451821996439737,-0.0004740941621086839,0.004047129564433533,0.0030818663020277253,94.14287065897345,-171.15085286209782,47.071435329486725,47.212286784475545,9.935053182058837e-05,0.018708359494518663
R0S39_Pg2TTT_CB_15mgml_7e-2mms_45C_100um_5ul,pg2tt,550,41,ROI_C,555,299,64,64,1.0,Afilm_PPL,G,True,34,0.49572077945222953,-0.09111570901357226,0.08005694255107798,0.00042053200060815366,-0.0027959436885968345,0.12128968002131332,0.002827392486610228,138.6965092185313,-81.44637944852822,69.34825460926565,69.63840513786795,0.0020389599459758206,0.004113121802609836
R0S39_Pg2TTT_CB_15mgml_7e-2mms_45C_100um_5ul,pg2tt,550,41,ROI_C,555,299,64,64,1.0,Afilm_PPL,R,True,34,0.49117336320233634,-0.09068117642907919,0.07873878913679166,0.00029718528339812283,-0.0030999769696741578,0.12009526499113081,0.003114189510158076,139.03210124402943,-84.52396422515785,69.51605062201472,68.86900894371054,0.0019790430723816625,0.004029214979156711
R0S39_Pg2TTT_CB_15mgml_7e-2mms_45C_100um_5ul,pg2tt,550,41,ROI_C,555,299,64,64,1.0,Afilm_PPL,B,True,34,0.46321844939346496,-0.07168030157336854,0.06290511012014882,0.000480396821222924,-0.001240930604796936,0.09536833076486716,0.001330672713991979,138.73049913877642,-68.83727105388003,69.36524956938821,72.79068223652999,0.0016905148595376261,0.0036494981185389427
R0S39_Pg2TTT_CB_15mgml_7e-2mms_45C_100um_5ul,pg2tt,550,41,ROI_C,555,299,64,64,1.0,Xfilm,G,True,34,0.00022630429431623824,-1.1494275377105147e-05,0.00018168183546185562,-0.0001384419077585323,-2.3269932711169194e-05,0.00018204507052714585,0.00014038394349855083,93.62004768111159,-170.45865817731868,46.81002384055579,47.38533545567033,4.935234597972339e-06,0.02180795813475758
R0S39_Pg2TTT_CB_15mgml_7e-2mms_45C_100um_5ul,pg2tt,550,41,ROI_C,555,299,64,64,1.0,Xfilm,R,True,34,0.00015183878937341703,-8.376369119066898e-06,0.00012160266131011803,-9.624501139836504e-05,-1.6120290951948628e-05,0.00012189081506545985,9.75856854228472e-05,93.94048678960174,-170.49166144787472,46.97024339480087,47.37708463803132,3.3579724394586467e-06,0.022115379286152027
R0S39_Pg2TTT_CB_15mgml_7e-2mms_45C_100um_5ul,pg2tt,550,41,ROI_C,555,299,64,64,1.0,Xfilm,B,True,34,0.0001642846144876644,-5.4083495064775514e-06,0.00011788463452389172,-9.292204522480066e-05,-1.509234434460428e-05,0.00011800863231652055,9.413971184668034e-05,92.62679241788537,-170.77461213707073,46.313396208942684,47.30634696573232,3.4909652046906945e-06,0.021249495543621492
R0S39_Pg2TTT_CB_15mgml_7e-2mms_45C_100um_5ul,pg2tt,550,41,ROI_C,555,299,64,64,1.0,Xnorm_sample,G,True,34,0.019679565411711415,-0.004440617838436476,0.019836263408817736,-0.01266788673012462,-0.003937248724193402,0.020327233771741834,0.013265642906524735,102.6183962937862,-162.7344685844766,51.3091981468931,49.31638285388085,0.0013900932303219503,0.07063637845498671
R0S39_Pg2TTT_CB_15mgml_7e-2mms_45C_100um_5ul,pg2tt,550,41,ROI_C,555,299,64,64,1.0,Xnorm_sample,R,True,34,0.020230372030919642,-0.004591764258482872,0.02037213009324105,-0.013425433986508091,-0.00409154262816212,0.020883198594597963,0.01403506319202569,102.70189084487441,-163.0508468600775,51.350945422437206,49.23728828498062,0.0014611538325366286,0.07222575196497664
R0S39_Pg2TTT_CB_15mgml_7e-2mms_45C_100um_5ul,pg2tt,550,41,ROI_C,555,299,64,64,1.0,Xnorm_sample,B,True,34,0.01586710355499311,-0.002835023863977649,0.014174979193766458,-0.009420915410237873,-0.002520125559569252,0.014455704598982187,0.009752162837178821,101.31004139606756,-165.02384131525866,50.65502069803378,48.744039671185334,0.000833145917107521,0.052507750653258724
R0S39_Pg2TTT_CB_15mgml_7e-2mms_45C_100um_5ul,pg2tt,550,41,ROI_C,555,299,64,64,1.0,Xnorm_blank,G,True,34,0.00582506820148276,-0.00039677283031581056,0.004875958326818923,-0.003589106402286677,-0.000608987629755797,0.004892075048867465,0.003640405293388471,94.65209671802273,-170.36996063152299,47.32604835901137,47.407509842119254,0.0001277156096295239,0.02192516983321997
R0S39_Pg2TTT_CB_15mgml_7e-2mms_45C_100um_5ul,pg2tt,550,41,ROI_C,555,299,64,64,1.0,Xnorm_blank,R,True,34,0.006057778789133527,-0.00043581251017589225,0.005064704746415927,-0.003864450633260912,-0.0006484893394497771,0.005083420768773114,0.00391848403343572,94.91812674122512,-170.47401138061954,47.45906337061256,47.381497154845114,0.00013392945610841926,0.02210867394605988
R0S39_Pg2TTT_CB_15mgml_7e-2mms_45C_100um_5ul,pg2tt,550,41,ROI_C,555,299,64,64,1.0,Xnorm_blank,B,True,34,0.005205983002977959,-0.00026588883155728585,0.003901460793808022,-0.0029675204671663607,-0.0004852081483683956,0.003910510605581836,0.0030069261165340164,93.89874166842975,-170.71395200496187,46.949370834214875,47.32151199875953,0.00010492587485827525,0.020154863121546886
R0S39_Pg2TTT_CB_15mgml_7e-2mms_45C_100um_5ul,pg2tt,550,42,ROI_C,363,331,64,64,1.0,Afilm_PPL,G,True,34,0.5033360705103971,-0.09688004440743107,0.0831797898512541,4.113735899306803e-05,-0.003348442624842893,0.12768954712146413,0.0033486953122327636,139.3510936992154,-89.29612696356139,69.6755468496077,67.67596825910965,0.00222338270135765,0.004417292603525631
R0S39_Pg2TTT_CB_15mgml_7e-2mms_45C_100um_5ul,pg2tt,550,42,ROI_C,363,331,64,64,1.0,Afilm_PPL,R,True,34,0.4973187993351007,-0.09594651659528948,0.08075945410733189,-0.0001983627558733575,-0.004001008791227237,0.12541061946455892,0.004005923006049331,139.91223657435003,-92.8382967971924,69.95611828717502,66.7904258007019,0.0020804353903786537,0.004183303332099945
R0S39_Pg2TTT_CB_15mgml_7e-2mms_45C_100um_5ul,pg2tt,550,42,ROI_C,363,331,64,64,1.0,Afilm_PPL,B,True,34,0.4702894183627062,-0.0764881522869224,0.06598411294007837,-0.0003112687453325838,-0.0017583249542128358,0.10101653627380247,0.0017856637075408383,139.21661159193528,-100.03882310658621,69.60830579596764,64.99029422335344,0.0016740765467575345,0.00355967300430064
R0S39_Pg2TTT_CB_15mgml_7e-2mms_45C_100um_5ul,pg2tt,550,42,ROI_C,363,331,64,64,1.0,Xfilm,G,True,34,0.0002414370959158379,-2.9016806041053437e-05,0.00020347861618093347,-0.00016229523317325042,-3.86885578830117e-05,0.00020553715546278183,0.00016684288184344836,98.11587175824162,-166.59185570689323,49.05793587912081,48.35203607327669,5.686371601719541e-06,0.02355218677808134
R0S39_Pg2TTT_CB_15mgml_7e-2mms_45C_100um_5ul,pg2tt,550,42,ROI_C,363,331,64,64,1.0,Xfilm,R,True,34,0.0001617741498721701,-1.9795707229781218e-05,0.0001360406490232225,-0.00011241718714484791,-2.6552485130611805e-05,0.00013747337273591138,0.00011551042564275798,98.27918261666991,-166.71052897678413,49.13959130833496,48.32236775580397,3.958508413150088e-06,0.024469350584185742
R0S39_Pg2TTT_CB_15mgml_7e-2mms_45C_100um_5ul,pg2tt,550,42,ROI_C,363,331,64,64,1.0,Xfilm,B,True,34,0.00017514219197874864,-1.8763140366145976e-05,0.00013164640395443833,-0.00011001324251625424,-2.5479397348665674e-05,0.00013297680666392485,0.00011292525500609402,98.11155265352706,-166.96003528532455,49.05577632676353,48.25999117866886,3.6171335119846544e-06,0.020652553507900573
R0S39_Pg2TTT_CB_15mgml_7e-2mms_45C_100um_5ul,pg2tt,550,42,ROI_C,363,331,64,64,1.0,Xnorm_sample,G,True,34,0.020480711126080672,-0.005257747385641928,0.021565589945008026,-0.014279702966503379,-0.004981365803853428,0.022197265084857996,0.015123621328351412,103.70156293313285,-160.7690626638047,51.850781466566424,49.807734334048824,0.0017618406275712861,0.08602438736815579
R0S39_Pg2TTT_CB_15mgml_7e-2mms_45C_100um_5ul,pg2tt,550,42,ROI_C,363,331,64,64,1.0,Xnorm_sample,R,True,34,0.020874689309836374,-0.005329778527638588,0.021941380348358745,-0.014988100832941862,-0.005128073705349103,0.022579431143078442,0.015841095495764346,103.65327356258739,-161.1119772953056,51.82663678129369,49.7220056761736,0.0018258130140689642,0.08746539825726443
R0S39_Pg2TTT_CB_15mgml_7e-2mms_45C_100um_5ul,pg2tt,550,42,ROI_C,363,331,64,64,1.0,Xnorm_sample,B,True,34,0.016552686084008967,-0.003512759708935536,0.015585041318705712,-0.010791893225272868,-0.003272945150364832,0.015976013072055404,0.011277283775049163,102.70181563939416,-163.1285971457136,51.35090781969708,49.2178507135716,0.0011000769701771085,0.06645912116785684
R0S39_Pg2TTT_CB_15mgml_7e-2mms_45C_100um_5ul,pg2tt,550,42,ROI_C,363,331,64,64,1.0,Xnorm_blank,G,True,34,0.0058883953364071515,-0.0005468216850305725,0.005153525313190015,-0.003969538956705571,-0.0008076564601779008,0.005182454737757959,0.004050870090051057,96.05678283081497,-168.4993813980682,48.028391415407484,47.87515465048295,0.0001446275917814129,0.024561460889461446
R0S39_Pg2TTT_CB_15mgml_7e-2mms_45C_100um_5ul,pg2tt,550,42,ROI_C,363,331,64,64,1.0,Xnorm_blank,R,True,34,0.006100054844757732,-0.0005760263957197195,0.00533872445723826,-0.004253112310964127,-0.0008557469360997467,0.005369709977166346,0.004338348435559173,96.15815575853888,-168.6237037763148,48.07907787926944,47.8440740559213,0.00015892070251097518,0.02605233994272956
R0S39_Pg2TTT_CB_15mgml_7e-2mms_45C_100um_5ul,pg2tt,550,42,ROI_C,363,331,64,64,1.0,Xnorm_blank,B,True,34,0.005290535294020494,-0.0004184880451780495,0.004179040718485924,-0.0033336646668454036,-0.0006506649035624622,0.0041999420913532,0.0033965695823435483,95.71852018859403,-168.95585201546666,47.859260094297014,47.761036996133335,0.00011566780175841557,0.021863156619951727
R0S39_Pg2TTT_CB_15mgml_7e-2mms_45C_100um_5ul,pg2tt,550,43,ROI_C,395,331,64,64,1.0,Afilm_PPL,G,True,34,0.5007951741863239,-0.09432116464430433,0.08366888713001902,-5.342415666304001e-05,-0.0034551091189764446,0.12608316609854714,0.0034555221261843108,138.4249297578622,-90.88585763459889,69.2124648789311,67.27853559135028,0.0021515637993973296,0.004296294993035478
R0S39_Pg2TTT_CB_15mgml_7e-2mms_45C_100um_5ul,pg2tt,550,43,ROI_C,395,331,64,64,1.0,Afilm_PPL,R,True,34,0.4953709521272275,-0.09363520889900025,0.08142976924180041,-0.00022507699510822265,-0.004261556399623931,0.1240901271831578,0.004267496057514597,138.9881785234586,-93.02330642345215,69.4940892617293,66.74417339413696,0.0019262068343935278,0.0038884129683383747
R0S39_Pg2TTT_CB_15mgml_7e-2mms_45C_100um_5ul,pg2tt,550,43,ROI_C,395,331,64,64,1.0,Afilm_PPL,B,True,34,0.467950671731845,-0.07449492207057792,0.06601114073320775,-0.0003505357003913273,-0.0019299269972050323,0.0995337335540109,0.001961502865608325,138.4553344306053,-100.29449706500262,69.22766721530265,64.92637573374935,0.0016544133190975077,0.0035354438384950526
R0S39_Pg2TTT_CB_15mgml_7e-2mms_45C_100um_5ul,pg2tt,550,43,ROI_C,395,331,64,64,1.0,Xfilm,G,True,34,0.00024255994986660632,-2.5296597434350075e-05,0.00020355118627757917,-0.00016147262359799078,-3.412933657425001e-05,0.00020511704774778058,0.00016504005509759395,97.0841882202369,-168.06544629382404,48.54209411011845,47.98363842654399,5.360199038005542e-06,0.022098450378369907
R0S39_Pg2TTT_CB_15mgml_7e-2mms_45C_100um_5ul,pg2tt,550,43,ROI_C,395,331,64,64,1.0,Xfilm,R,True,34,0.00016266208861679727,-1.7340462027592895e-05,0.00013619949744280726,-0.00011206103285640222,-2.3350890771665592e-05,0.00013729892471175313,0.000114468070590335,97.2556703598398,-168.2293382721371,48.6278351799199,47.94266543196572,3.7233810108135423e-06,0.022890281439179594
R0S39_Pg2TTT_CB_15mgml_7e-2mms_45C_100um_5ul,pg2tt,550,43,ROI_C,395,331,64,64,1.0,Xfilm,B,True,34,0.00017608095233232274,-1.6096069021001537e-05,0.0001317831752935828,-0.00010925266902932415,-2.24367208006315e-05,0.0001327625275760748,0.00011153274017218681,96.9636458868373,-168.39478231800445,48.48182294341865,47.90130442049889,3.3762559181308994e-06,0.019174452740261992
R0S39_Pg2TTT_CB_15mgml_7e-2mms_45C_100um_5ul,pg2tt,550,43,ROI_C,395,331,64,64,1.0,Xnorm_sample,G,True,34,0.020361623413081682,-0.004923305377055832,0.021377352911299396,-0.014111676980358196,-0.004573925244879624,0.02193695861622544,0.014834426828958323,102.96934564798542,-162.04127540336216,51.48467282399271,49.48968114915946,0.0016728675796295822,0.08215786853579962
R0S39_Pg2TTT_CB_15mgml_7e-2mms_45C_100um_5ul,pg2tt,550,43,ROI_C,395,331,64,64,1.0,Xnorm_sample,R,True,34,0.02081972458949053,-0.0050181872664028515,0.021821863017618764,-0.014869417865907448,-0.0047232016488862865,0.022391424898840297,0.015601545483925935,102.95066672885176,-162.37779098322267,51.47533336442588,49.40555225419433,0.001752615654669146,0.08418053980741218
R0S39_Pg2TTT_CB_15mgml_7e-2mms_45C_100um_5ul,pg2tt,550,43,ROI_C,395,331,64,64,1.0,Xnorm_sample,B,True,34,0.016459452497372837,-0.0032687027557196068,0.015419078041675693,-0.010618313569488565,-0.002985609267772513,0.01576173801839551,0.011030070070484326,101.96898215905303,-164.29531968282245,50.984491079526514,48.92617007929439,0.001018906916123479,0.06190405885154485
R0S39_Pg2TTT_CB_15mgml_7e-2mms_45C_100um_5ul,pg2tt,550,43,ROI_C,395,331,64,64,1.0,Xnorm_blank,G,True,34,0.005896969276914867,-0.00047937104483446874,0.005141117757025349,-0.00393280258273164,-0.0007140942309096143,0.005163418285421688,0.0039971072947018885,95.32700353017945,-169.7087035635477,47.66350176508973,47.57282410911308,0.00014377608493295582,0.02438135220941734
R0S39_Pg2TTT_CB_15mgml_7e-2mms_45C_100um_5ul,pg2tt,550,43,ROI_C,395,331,64,64,1.0,Xnorm_blank,R,True,34,0.0061188370508874195,-0.0005081985598668608,0.005333364172882865,-0.004224635449087533,-0.0007542612307924846,0.005357521738345191,0.004291439698045822,95.44309064065116,-169.87714154454486,47.72154532032558,47.530714613863786,0.0001574918905000801,0.02573886004228533
R0S39_Pg2TTT_CB_15mgml_7e-2mms_45C_100um_5ul,pg2tt,550,43,ROI_C,395,331,64,64,1.0,Xnorm_blank,B,True,34,0.005296425336385061,-0.0003613848376018561,0.004162161808912859,-0.0032927484729209588,-0.000574775839425047,0.004177821193447761,0.003342537923720548,94.9623317625869,-170.09832430009902,47.48116588129345,47.475418924975244,0.00011345228778345939,0.021420539431123705
R0S39_Pg2TTT_CB_15mgml_7e-2mms_45C_100um_5ul,pg2tt,550,44,ROI_C,427,331,64,64,1.0,Afilm_PPL,G,True,34,0.4996636205113823,-0.09316847227600546,0.08326311396989952,-2.7580078510627826e-05,-0.0033935331667700463,0.12495243244614838,0.003393645239959385,138.21337052141988,-90.46564663690566,69.10668526070994,67.38358834077358,0.0020237571667658084,0.00405023916828393
R0S39_Pg2TTT_CB_15mgml_7e-2mms_45C_100um_5ul,pg2tt,550,44,ROI_C,427,331,64,64,1.0,Afilm_PPL,R,True,34,0.49453772613871266,-0.09253726793203361,0.08124562355149512,-0.00016690571564077078,-0.004119226366390595,0.12314218327850222,0.004122606381341909,138.7176007643197,-92.32028152492296,69.35880038215986,66.91992961876926,0.0017231626002040799,0.0034843905917043556
R0S39_Pg2TTT_CB_15mgml_7e-2mms_45C_100um_5ul,pg2tt,550,44,ROI_C,427,331,64,64,1.0,Afilm_PPL,B,True,34,0.4667119052748148,-0.07356706199751292,0.06541914703365448,-0.0002067184057921792,-0.0019361234926614894,0.09844682528937546,0.001947127802207391,138.35506260079202,-96.09433817405,69.17753130039601,65.9764154564875,0.0015575393587633774,0.003337260826554042
R0S39_Pg2TTT_CB_15mgml_7e-2mms_45C_100um_5ul,pg2tt,550,44,ROI_C,427,331,64,64,1.0,Xfilm,G,True,34,0.00024334062839974978,-2.2088680616221744e-05,0.00020062933865751804,-0.00015671677950965376,-2.9525151844586038e-05,0.00020184162440269477,0.0001594737707942071,96.28278751067877,-169.33064014267782,48.14139375533939,47.667339964330544,4.813405963745581e-06,0.01978052730289573
R0S39_Pg2TTT_CB_15mgml_7e-2mms_45C_100um_5ul,pg2tt,550,44,ROI_C,427,331,64,64,1.0,Xfilm,R,True,34,0.0001632910812303733,-1.5467618636778543e-05,0.0001343000758902337,-0.00010893408859269515,-2.0268193936751495e-05,0.00013518786044026048,0.00011080358903473715,96.56992679027647,-169.46011128608586,48.284963395138234,47.634972178478534,3.391327649051149e-06,0.02076860293121591
R0S39_Pg2TTT_CB_15mgml_7e-2mms_45C_100um_5ul,pg2tt,550,44,ROI_C,427,331,64,64,1.0,Xfilm,B,True,34,0.0001764903753876629,-1.3581247575379201e-05,0.00012956944948067285,-0.00010544571822840383,-1.9091382357725784e-05,0.0001302792866284905,0.00010716006892976889,95.98379482781414,-169.73753552510033,47.99189741390707,47.56561611872492,3.09668901615327e-06,0.01754593694871703
R0S39_Pg2TTT_CB_15mgml_7e-2mms_45C_100um_5ul,pg2tt,550,44,ROI_C,427,331,64,64,1.0,Xnorm_sample,G,True,34,0.020374180688418595,-0.004736223098947721,0.021125217783766102,-0.013722849906507514,-0.004206091107796892,0.021649633614787885,0.014352972234475386,102.63661706599237,-162.95955432114826,51.318308532996184,49.260111419712935,0.0015696294209872272,0.0770401247006914
R0S39_Pg2TTT_CB_15mgml_7e-2mms_45C_100um_5ul,pg2tt,550,44,ROI_C,427,331,64,64,1.0,Xnorm_sample,R,True,34,0.020884544182230146,-0.004873400924246997,0.021627082095446542,-0.014502228406019953,-0.0043610213289366805,0.022169364369138685,0.015143749065928577,102.69880866380191,-163.26323824510965,51.349404331900956,49.18419043872259,0.001656548317323283,0.07931934270576309
R0S39_Pg2TTT_CB_15mgml_7e-2mms_45C_100um_5ul,pg2tt,550,44,ROI_C,427,331,64,64,1.0,Xnorm_sample,B,True,34,0.016433284695164738,-0.0031099637173348793,0.015158139016151151,-0.010241421924111448,-0.0026943237542104573,0.015473882924337483,0.010589905737076858,101.59435851445404,-165.2605564201749,50.79717925722702,48.68486089495627,0.0009403724541210747,0.057223645272849344
R0S39_Pg2TTT_CB_15mgml_7e-2mms_45C_100um_5ul,pg2tt,550,44,ROI_C,427,331,64,64,1.0,Xnorm_blank,G,True,34,0.005931321358449644,-0.0004321887012072637,0.00510456110763788,-0.003827547904695369,-0.0006206180443640891,0.005122824530965362,0.003877536552984152,94.8395289576885,-170.78992736534767,47.41976447884425,47.302518158663084,0.00013504952139234766,0.022768876142107843
R0S39_Pg2TTT_CB_15mgml_7e-2mms_45C_100um_5ul,pg2tt,550,44,ROI_C,427,331,64,64,1.0,Xnorm_blank,R,True,34,0.006163142379259559,-0.00047121795207760893,0.005304249384261203,-0.004120291278575427,-0.0006593607741076887,0.005325139236564202,0.0041727157644316755,95.07670475363517,-170.90817510020034,47.538352376817585,47.272956224949915,0.00014782949970288975,0.023986059477773082
R0S39_Pg2TTT_CB_15mgml_7e-2mms_45C_100um_5ul,pg2tt,550,44,ROI_C,427,331,64,64,1.0,Xnorm_blank,B,True,34,0.005315489123212243,-0.00031676253160171875,0.004113321405305209,-0.0031822205291217693,-0.0004919064028144063,0.004125500149650798,0.003220015435536582,94.4035961186437,-171.2127900758596,47.20179805932185,47.1968024810351,0.00010659243461065023,0.020053175186666806
R0S39_Pg2TTT_CB_15mgml_7e-2mms_45C_100um_5ul,pg2tt,550,45,ROI_C,459,331,64,64,1.0,Afilm_PPL,G,True,34,0.4999261567034969,-0.09379568684604514,0.08229174942848479,0.00022311345921043751,-0.003799146806616527,0.12477805454053967,0.0038056925879405186,138.73786867563575,-86.63903652533435,69.36893433781788,68.34024086866641,0.0019816814086702095,0.003963948239342813
R0S39_Pg2TTT_CB_15mgml_7e-2mms_45C_100um_5ul,pg2tt,550,45,ROI_C,459,331,64,64,1.0,Afilm_PPL,R,True,34,0.4951039061550623,-0.09318205839677707,0.08041022694420856,-4.3641525846412066e-05,-0.0045603770374537875,0.12308005770342934,0.004560585851238192,139.20788242924195,-90.54828776116463,69.60394121462097,67.36292805970885,0.0018163903407232365,0.003668705332635146
R0S39_Pg2TTT_CB_15mgml_7e-2mms_45C_100um_5ul,pg2tt,550,45,ROI_C,459,331,64,64,1.0,Afilm_PPL,B,True,34,0.46671170030845327,-0.07414305234668764,0.06464507838758973,8.400778036662254e-05,-0.00226442572308427,0.0983675676786881,0.002265983486817114,138.91493600226664,-87.87536203690978,69.45746800113332,68.03115949077255,0.0014730766656484392,0.0031562882710498056
R0S39_Pg2TTT_CB_15mgml_7e-2mms_45C_100um_5ul,pg2tt,550,45,ROI_C,459,331,64,64,1.0,Xfilm,G,True,34,0.00024688967591815736,-2.1751553215092228e-05,0.0001956877995586964,-0.00014785098944448564,-2.6954781248857497e-05,0.0001968929784512224,0.00015028797460837364,96.3426398106293,-169.66785325438897,48.17131990531465,47.58303668640276,4.582595053832776e-06,0.01856130685995382
R0S39_Pg2TTT_CB_15mgml_7e-2mms_45C_100um_5ul,pg2tt,550,45,ROI_C,459,331,64,64,1.0,Xfilm,R,True,34,0.00016566410200787414,-1.5197535338674388e-05,0.0001306434745002248,-0.0001028902471548406,-1.8381898256924845e-05,0.00013152445593828224,0.00010451936252729501,96.63529853921825,-169.8706658840434,48.31764926960913,47.53233352898915,3.2673091123563824e-06,0.01972249300260953
R0S39_Pg2TTT_CB_15mgml_7e-2mms_45C_100um_5ul,pg2tt,550,45,ROI_C,459,331,64,64,1.0,Xfilm,B,True,34,0.00017895919341516484,-1.3090997428815023e-05,0.00012653211496981736,-9.95102098417527e-05,-1.728995245992023e-05,0.00012720750894666682,0.0001010011104830831,95.90679894039266,-170.1432308563828,47.95339947019633,47.4641922859043,2.966048188248e-06,0.016573879860942536
R0S39_Pg2TTT_CB_15mgml_7e-2mms_45C_100um_5ul,pg2tt,550,45,ROI_C,459,331,64,64,1.0,Xnorm_sample,G,True,34,0.020803621819510402,-0.0049955404300519035,0.02096094707362579,-0.013095410130509886,-0.004122385989736062,0.021548009801641187,0.013728941428042919,103.40501401501905,-162.5261935662123,51.702507007509524,49.368451608446925,0.0015336901535824643,0.07372226657525523
R0S39_Pg2TTT_CB_15mgml_7e-2mms_45C_100um_5ul,pg2tt,550,45,ROI_C,459,331,64,64,1.0,Xnorm_sample,R,True,34,0.021351650635105607,-0.00514778015863057,0.021462810706260587,-0.01387065052017664,-0.004266294687682522,0.022071517482365473,0.014511933579472606,103.48741741480443,-162.9033003995828,51.74370870740221,49.2741749001043,0.001616565052492309,0.07571147917523062
R0S39_Pg2TTT_CB_15mgml_7e-2mms_45C_100um_5ul,pg2tt,550,45,ROI_C,459,331,64,64,1.0,Xnorm_sample,B,True,34,0.016749005025067955,-0.003277933491715415,0.015013276659295052,-0.009749306791817744,-0.002612761209283708,0.015366955587384353,0.010093339588942861,102.31642885985167,-164.9975746433199,51.158214429925835,48.75060633917003,0.0009219472106140763,0.05504489425963922
R0S39_Pg2TTT_CB_15mgml_7e-2mms_45C_100um_5ul,pg2tt,550,45,ROI_C,459,331,64,64,1.0,Xnorm_blank,G,True,34,0.006068989510292007,-0.0004672761042232394,0.005065286735696466,-0.0036508463069156814,-0.0005788086168096169,0.005086794341468958,0.003696443990054892,95.27065650822529,-170.99125269688764,47.63532825411264,47.25218682577809,0.0001318340213670127,0.02172256536639606
R0S39_Pg2TTT_CB_15mgml_7e-2mms_45C_100um_5ul,pg2tt,550,45,ROI_C,459,331,64,64,1.0,Xnorm_blank,R,True,34,0.006308896481843676,-0.0005078613738054042,0.0052564385995489404,-0.003935277509160353,-0.0006112370915590774,0.005280915633280988,0.003982464043302954,95.5186175488736,-171.1712242242573,47.7593087744368,47.20719394393568,0.00014519365986890074,0.02301411352424918
R0S39_Pg2TTT_CB_15mgml_7e-2mms_45C_100um_5ul,pg2tt,550,45,ROI_C,459,331,64,64,1.0,Xnorm_blank,B,True,34,0.0054281956528777695,-0.00034304006612721587,0.004076462231829411,-0.0030297227834886783,-0.0004547128260541563,0.004090870422599595,0.0030636553166060545,94.81018791215246,-171.46452913963174,47.40509395607623,47.133867715092066,0.00010263458038996365,0.018907678892643456
R0S39_Pg2TTT_CB_15mgml_7e-2mms_45C_100um_5ul,pg2tt,550,46,ROI_C,491,331,64,64,1.0,Afilm_PPL,G,True,34,0.5030049829459063,-0.094921895111516,0.08072546968476108,-2.229006743678652e-05,-0.0039512720004138,0.12460645098624278,0.0039513348717060675,139.62079816971212,-90.32321572438862,69.81039908485606,67.41919606890285,0.001920147722690015,0.0038173532823484817
R0S39_Pg2TTT_CB_15mgml_7e-2mms_45C_100um_5ul,pg2tt,550,46,ROI_C,491,331,64,64,1.0,Afilm_PPL,R,True,34,0.49813157060100144,-0.09434317009777886,0.07880511605020514,-0.00024498521718371163,-0.0046203020700305575,0.12292631963816673,0.0046267925147954496,140.12789734261085,-93.03518822834046,70.06394867130543,66.74120294291488,0.0018346432896224197,0.003683049615596977
R0S39_Pg2TTT_CB_15mgml_7e-2mms_45C_100um_5ul,pg2tt,550,46,ROI_C,491,331,64,64,1.0,Afilm_PPL,B,True,34,0.46964792752973744,-0.07478835833563592,0.06319057048808317,-0.00014122185763489753,-0.0021457545773550003,0.09790989092603919,0.002150396781832085,139.80468973531822,-93.76546505795243,69.90234486765911,66.55863373551189,0.0013838627265178268,0.002946596046518817
R0S39_Pg2TTT_CB_15mgml_7e-2mms_45C_100um_5ul,pg2tt,550,46,ROI_C,491,331,64,64,1.0,Xfilm,G,True,34,0.00023979166921009944,-2.1949730139511788e-05,0.00018731265419873178,-0.00014119239601444284,-2.8105898174317415e-05,0.00018859432938498195,0.0001439626139123778,96.68357096070439,-168.7418088672152,48.34178548035219,47.8145477831962,4.23762676569394e-06,0.01767211830995229
R0S39_Pg2TTT_CB_15mgml_7e-2mms_45C_100um_5ul,pg2tt,550,46,ROI_C,491,331,64,64,1.0,Xfilm,R,True,34,0.0001609630992504377,-1.5417164233065087e-05,0.0001252873362046509,-9.840238421769233e-05,-1.9336683221725373e-05,0.000126232347543118,0.00010028427861705792,97.01523333541127,-168.88267438154202,48.50761666770563,47.779331404614496,3.0797002767353547e-06,0.019132958249087777
R0S39_Pg2TTT_CB_15mgml_7e-2mms_45C_100um_5ul,pg2tt,550,46,ROI_C,491,331,64,64,1.0,Xfilm,B,True,34,0.00017384934215013638,-1.2883859685316307e-05,0.00012110473060538328,-9.508249701688823e-05,-1.821715613033164e-05,0.00012178813413216156,9.681191050921078e-05,96.07263310366255,-169.15395777245806,48.03631655183128,47.711510556885486,2.871421302898726e-06,0.016516722185248436
R0S39_Pg2TTT_CB_15mgml_7e-2mms_45C_100um_5ul,pg2tt,550,46,ROI_C,491,331,64,64,1.0,Xnorm_sample,G,True,34,0.020664029017376667,-0.005266412844437603,0.020637512396357704,-0.012784234980898222,-0.004344614922190957,0.021298873729797906,0.01350230879771849,104.315580185032,-161.2301021833483,52.157790092516,49.69247445416293,0.0015266909556762081,0.07388157238448084
R0S39_Pg2TTT_CB_15mgml_7e-2mms_45C_100um_5ul,pg2tt,550,46,ROI_C,491,331,64,64,1.0,Xnorm_sample,R,True,34,0.021217918748511488,-0.005445054673517089,0.021154810244921766,-0.013549825523143797,-0.00451538066397156,0.021844326881280577,0.014282381952888928,104.43410022582782,-161.56972407555688,52.21705011291391,49.60756898111078,0.0015991726110386895,0.07536896666999954
R0S39_Pg2TTT_CB_15mgml_7e-2mms_45C_100um_5ul,pg2tt,550,46,ROI_C,491,331,64,64,1.0,Xnorm_sample,B,True,34,0.016613428992305234,-0.003444623697339326,0.014740869422117601,-0.009515680572671863,-0.0027626438224203583,0.015137987440085732,0.009908601195460543,103.15277427951438,-163.8106444638191,51.57638713975719,49.047338884045224,0.0009096085530421616,0.05475140342241866
R0S39_Pg2TTT_CB_15mgml_7e-2mms_45C_100um_5ul,pg2tt,550,46,ROI_C,491,331,64,64,1.0,Xnorm_blank,G,True,34,0.005989719272985247,-0.0005382996851811426,0.004964727422328403,-0.003554906315371792,-0.0006388679440939818,0.0049938246794501845,0.0036118570238952044,96.18811120233418,-169.81187581469342,48.09405560116709,47.547031046326644,0.00012810336749097644,0.021387207251491624
R0S39_Pg2TTT_CB_15mgml_7e-2mms_45C_100um_5ul,pg2tt,550,46,ROI_C,491,331,64,64,1.0,Xnorm_blank,R,True,34,0.0062292095514866214,-0.0005872376658346244,0.0051602443832026055,-0.0038363952537392226,-0.0006808126455809622,0.005193550824873955,0.0038963360226366233,96.49235000281985,-169.93696643219997,48.246175001409924,47.51575839195001,0.00014318435952973688,0.022985959666837582
R0S39_Pg2TTT_CB_15mgml_7e-2mms_45C_100um_5ul,pg2tt,550,46,ROI_C,491,331,64,64,1.0,Xnorm_blank,B,True,34,0.005353193470305281,-0.0003951322262536823,0.0039865716270583934,-0.002947602439309114,-0.0005052966306088444,0.004006105691802352,0.002990599409002431,95.66042928410455,-170.27254692161878,47.830214642052276,47.431863269595304,9.947168025087169e-05,0.01858174579044633
R0S39_Pg2TTT_CB_15mgml_7e-2mms_45C_100um_5ul,pg2tt,550,47,ROI_C,523,331,64,64,1.0,Afilm_PPL,G,True,34,0.4997760196489203,-0.09392798337211239,0.0776843243346969,-0.000510430415343488,-0.0022378201865526984,0.12189060795520794,0.0022952948386319523,140.40712104354097,-102.84893079822143,70.20356052177048,64.28776730044464,0.0017605380404221447,0.003522654091437509
R0S39_Pg2TTT_CB_15mgml_7e-2mms_45C_100um_5ul,pg2tt,550,47,ROI_C,523,331,64,64,1.0,Afilm_PPL,R,True,34,0.49543540340993747,-0.09362100801465452,0.07639031984077409,-0.0005511530819221899,-0.0028256471057933677,0.12083200779204063,0.0028788975817473543,140.78717969987548,-101.03717615449847,70.39358984993774,64.74070596137538,0.00175989925096589,0.003552227472743095
R0S39_Pg2TTT_CB_15mgml_7e-2mms_45C_100um_5ul,pg2tt,550,47,ROI_C,523,331,64,64,1.0,Afilm_PPL,B,True,34,0.4665722152821561,-0.073715011673541,0.060125521325518294,-0.000555695664218793,-0.0006245607278972838,0.09512613342660176,0.0008359867068698823,140.79765461566882,-131.66071791454573,70.39882730783441,57.08482052136357,0.0013744484420270722,0.002945842887778774
R0S39_Pg2TTT_CB_15mgml_7e-2mms_45C_100um_5ul,pg2tt,550,47,ROI_C,523,331,64,64,1.0,Xfilm,G,True,34,0.00023417016905911387,-1.8557384357992908e-05,0.0001808124047683349,-0.00013400299948545554,-2.8001458481249844e-05,0.00018176221343370148,0.00013689735405834604,95.85994032287688,-168.197225049686,47.92997016143844,47.9506937375785,4.3483248571160785e-06,0.01856908100642532
R0S39_Pg2TTT_CB_15mgml_7e-2mms_45C_100um_5ul,pg2tt,550,47,ROI_C,523,331,64,64,1.0,Xfilm,R,True,34,0.00015749529333562482,-1.3412847392058188e-05,0.00012149733738295756,-9.350334675569088e-05,-1.9432293162796495e-05,0.0001222354591201377,9.550125586650594e-05,96.29972813120891,-168.25965114006345,48.149864065604454,47.93508721498414,3.053714372583462e-06,0.019389241979991804
R0S39_Pg2TTT_CB_15mgml_7e-2mms_45C_100um_5ul,pg2tt,550,47,ROI_C,523,331,64,64,1.0,Xfilm,B,True,34,0.00016962194803937406,-1.0201631469480729e-05,0.00011653814441121622,-8.951607260058916e-05,-1.8376693497969125e-05,0.00011698381250176704,9.138287650184936e-05,95.00286158416371,-168.3989665187427,47.501430792081855,47.900258370314326,3.08405993677623e-06,0.018181962618884495
R0S39_Pg2TTT_CB_15mgml_7e-2mms_45C_100um_5ul,pg2tt,550,47,ROI_C,523,331,64,64,1.0,Xnorm_sample,G,True,34,0.02040717018526342,-0.005093941114486418,0.020129030732727753,-0.012313936679150445,-0.0042645251758071,0.020763576626317382,0.013031470044212942,104.20137314204683,-160.8981624443757,52.10068657102342,49.77545938890607,0.0013968883970897716,0.06845086233612402
R0S39_Pg2TTT_CB_15mgml_7e-2mms_45C_100um_5ul,pg2tt,550,47,ROI_C,523,331,64,64,1.0,Xnorm_sample,R,True,34,0.021037778304904425,-0.0053307733289291,0.020761734446070164,-0.01309152796379733,-0.004476746683477355,0.021435175798055827,0.013835800132081737,104.40017076449236,-161.12149014522626,52.20008538224618,49.719627463693435,0.0014890651695108714,0.07078053337471253
R0S39_Pg2TTT_CB_15mgml_7e-2mms_45C_100um_5ul,pg2tt,550,47,ROI_C,523,331,64,64,1.0,Xnorm_sample,B,True,34,0.01639380332124181,-0.0032901252615282744,0.014301600799762393,-0.009095309138674776,-0.002729453758741519,0.014675173241645594,0.00949602896737205,102.95564513502165,-163.2957797800077,51.47782256751083,49.17605505499807,0.0008205875796470162,0.05005474102118257
R0S39_Pg2TTT_CB_15mgml_7e-2mms_45C_100um_5ul,pg2tt,550,47,ROI_C,523,331,64,64,1.0,Xnorm_blank,G,True,34,0.0059870979688654785,-0.0005191341419053834,0.004921213921065347,-0.0034574317154654954,-0.0006745251577859047,0.004948519648761558,0.0035226152579571866,96.021806028556,-168.96058701812794,48.010903014278,47.759853245468015,0.00012201790590220828,0.020380141851086133
R0S39_Pg2TTT_CB_15mgml_7e-2mms_45C_100um_5ul,pg2tt,550,47,ROI_C,523,331,64,64,1.0,Xnorm_blank,R,True,34,0.006237973627911753,-0.0005782565841320635,0.005133434151729606,-0.0037341071152181375,-0.0007237109989062479,0.005165900392693993,0.0038035921913187015,96.42700050787184,-169.03143528492708,48.21350025393592,47.74214117876823,0.00013408910401674806,0.02149561892908172
R0S39_Pg2TTT_CB_15mgml_7e-2mms_45C_100um_5ul,pg2tt,550,47,ROI_C,523,331,64,64,1.0,Xnorm_blank,B,True,34,0.005342563997208889,-0.0003692655337266173,0.003931205701862631,-0.0028439321344955536,-0.0005398560809268886,0.003948510517240098,0.0028947183928199603,95.36615490902747,-169.2515810510244,47.683077454513736,47.6871047372439,9.675327796452209e-05,0.018109895922062687
R0S39_Pg2TTT_CB_15mgml_7e-2mms_45C_100um_5ul,pg2tt,550,48,ROI_C,555,331,64,64,1.0,Afilm_PPL,G,True,34,0.49427998887797614,-0.09243327090621899,0.07635190048574028,0.0002767907330062658,-0.002560782385039144,0.11988962539855923,0.0025756978730831206,140.44254969228078,-83.83094410019473,70.22127484614039,69.04226397495131,0.0019467908796982078,0.003938639887310666
R0S39_Pg2TTT_CB_15mgml_7e-2mms_45C_100um_5ul,pg2tt,550,48,ROI_C,555,331,64,64,1.0,Afilm_PPL,R,True,34,0.4897187259438382,-0.09217781064520321,0.07512251997218683,0.00017945667984171215,-0.0028846641508188733,0.11891232813427945,0.002890240814008304,140.82086070696408,-86.44018295558426,70.41043035348204,68.38995426110394,0.00188488587580347,0.0038489152567463456
R0S39_Pg2TTT_CB_15mgml_7e-2mms_45C_100um_5ul,pg2tt,550,48,ROI_C,555,331,64,64,1.0,Afilm_PPL,B,True,34,0.4618934496021537,-0.0727355403572726,0.0592982452085285,9.484283231580432e-05,-0.0010694788152619782,0.09384423645528374,0.0010736759749271883,140.81107798863795,-84.93218985856606,70.40553899431897,68.76695253535848,0.0015581651820868174,0.003373429918578734
R0S39_Pg2TTT_CB_15mgml_7e-2mms_45C_100um_5ul,pg2tt,550,48,ROI_C,555,331,64,64,1.0,Xfilm,G,True,34,0.00022179161310737985,-1.6604251830691546e-05,0.00017311295389011317,-0.0001257760977056815,-2.7426520453652937e-05,0.0001739074351010257,0.00012873166191059517,95.47880502971039,-167.69874053592153,47.73940251485519,48.07531486601962,4.185622740790805e-06,0.018871871047227002
R0S39_Pg2TTT_CB_15mgml_7e-2mms_45C_100um_5ul,pg2tt,550,48,ROI_C,555,331,64,64,1.0,Xfilm,R,True,34,0.0001489931894955726,-1.2043666628331075e-05,0.0001164879307197243,-8.760731808715733e-05,-1.886088736182098e-05,0.00011710887203460574,8.961459286578085e-05,95.90282749633134,-167.85029672585756,47.95141374816567,48.03742581853561,2.8747215838426362e-06,0.019294315225285817
R0S39_Pg2TTT_CB_15mgml_7e-2mms_45C_100um_5ul,pg2tt,550,48,ROI_C,555,331,64,64,1.0,Xfilm,B,True,34,0.0001605713732043528,-8.788010851425591e-06,0.00011159365234163041,-8.369700634317296e-05,-1.812624549958793e-05,0.0001119391458680539,8.563731456976255e-05,94.50275542651771,-167.7801775902463,47.251377713258854,48.054955602438426,2.94449166135502e-06,0.01833758772972624
R0S39_Pg2TTT_CB_15mgml_7e-2mms_45C_100um_5ul,pg2tt,550,48,ROI_C,555,331,64,64,1.0,Xnorm_sample,G,True,34,0.01962533758591138,-0.004916774128957947,0.0194173539470175,-0.01168676305818565,-0.004245297415157737,0.020030184775456924,0.012433944704771603,104.20950671635313,-160.03609789612628,52.104753358176566,49.99097552596843,0.0012978039752682235,0.06612900132397014
R0S39_Pg2TTT_CB_15mgml_7e-2mms_45C_100um_5ul,pg2tt,550,48,ROI_C,555,331,64,64,1.0,Xnorm_sample,R,True,34,0.02020296672792814,-0.0051278612184187805,0.020031728385310872,-0.012413445864115406,-0.004422153691152564,0.020677647418848998,0.013177597713145523,104.35863526532471,-160.39211738967603,52.179317632662354,49.90197065258099,0.001381614814693472,0.06838672919829993
R0S39_Pg2TTT_CB_15mgml_7e-2mms_45C_100um_5ul,pg2tt,550,48,ROI_C,555,331,64,64,1.0,Xnorm_sample,B,True,34,0.015788972411130874,-0.003180283039191361,0.013821488488325682,-0.008628627441145165,-0.002763502227104752,0.014182656459291666,0.009060361807196018,102.95804287140717,-162.2412260204107,51.47902143570359,49.43969349489733,0.0007720517339528142,0.04889816219829713
R0S39_Pg2TTT_CB_15mgml_7e-2mms_45C_100um_5ul,pg2tt,550,48,ROI_C,555,331,64,64,1.0,Xnorm_blank,G,True,34,0.005840082144527985,-0.0005184881376703613,0.0048418944375632645,-0.00333671522891761,-0.0006996869272492824,0.004869576130774727,0.003409285895177206,96.11215450405459,-168.15705067150668,48.05607725202729,47.96073733212333,0.00011203441947028708,0.019183706098393993
R0S39_Pg2TTT_CB_15mgml_7e-2mms_45C_100um_5ul,pg2tt,550,48,ROI_C,555,331,64,64,1.0,Xnorm_blank,R,True,34,0.0060783881134515135,-0.0005740546235758191,0.005055821833968181,-0.0035986275667995353,-0.0007425025620840669,0.005088307491462968,0.0036744292644206593,96.4778086600254,-168.3417974211324,48.2389043300127,47.9145506447169,0.00012031495614781794,0.01979389171641841
R0S39_Pg2TTT_CB_15mgml_7e-2mms_45C_100um_5ul,pg2tt,550,48,ROI_C,555,331,64,64,1.0,Xnorm_blank,B,True,34,0.005206345812340148,-0.00036495565831470584,0.003860014189133105,-0.002734484306442822,-0.0005655670014759204,0.0038772286717247955,0.0027923592991125883,95.40113118073738,-168.31441583000128,47.70056559036869,47.92139604249968,9.015657471597618e-05,0.017316670453385797
